timestamp;date_created;status_in_resource_data;source.site_id;resource_id;id_in_shipment_get;logistic.type;external_reference;resource_data
2022-10-12 04:06:16.010;2022-10-11T23:44:41.705-04:00;400;MLA;41719729650;41719729650;cross_docking;2000003879587117;{"current":{"body":"{\"error\": \"Malformed request\"}","requestId":"c1ba748b-9b8f-40fa-b832-605a343f0297","status":400},"previous":null}
2022-10-12 04:12:11.478;2022-10-12T00:11:21.599-04:00;422;MLB;41719756860;41719756860;xd_drop_off;2000003879623123;{"current":{"body":"{\"error\": \"Shipment 41719756860 can't be splitted at this point. Invalid status.\"}","requestId":"592d1331-c68b-4cc6-addc-130dc647874f","status":422},"previous":null}
2022-10-12 04:12:11.789;2022-10-12T00:11:21.599-04:00;422;MLB;41719756860;41719756860;xd_drop_off;2000003879623123;{"current":{"body":"{\"error\": \"Shipment 41719756860 can't be splitted at this point. Invalid status.\"}","requestId":"a81928af-d893-49d8-bd45-efcc71acf8d9","status":422},"previous":null}
2022-10-12 04:15:43.044;2022-03-10T10:51:08.623-04:00;400;MLB;41233230948;41233230948;fulfillment;;{"current":{"body":"{\"error\": \"ShipmentId 41233230948 is not a bundle shipment. Only bundle shipments can be splitted.\"}","requestId":"cf718e50-6db4-4ac8-96eb-b2b3c860548a","status":400},"previous":null}
2022-10-12 05:20:25.309;2022-03-10T10:51:08.623-04:00;400;MLB;41233230948;41233230948;fulfillment;;{"current":{"body":"{\"error\": \"ShipmentId 41233230948 is not a bundle shipment. Only bundle shipments can be splitted.\"}","requestId":"12b719d8-0ee4-4804-80d7-da7d5b5d98c1","status":400},"previous":null}
2022-10-12 05:28:40.094;2022-10-12T01:26:33.869-04:00;422;MLB;41719815641;41719815641;cross_docking;2000003875939583;{"current":{"body":"{\"error\": \"Shipment 41719815641 can't be splitted at this point. Invalid status.\"}","requestId":"451aed19-1d79-412e-93a9-92ebb31b8107","status":422},"previous":null}
2022-10-12 05:28:40.553;2022-10-12T01:26:33.869-04:00;422;MLB;41719815641;41719815641;cross_docking;2000003875939583;{"current":{"body":"{\"error\": \"Shipment 41719815641 can't be splitted at this point. Invalid status.\"}","requestId":"3d36e6ba-13bf-4580-8025-f008585f6c82","status":422},"previous":null}
2022-10-12 05:28:40.973;2022-10-12T01:26:33.869-04:00;422;MLB;41719815641;41719815641;cross_docking;2000003875939583;{"current":{"body":"{\"error\": \"Shipment 41719815641 can't be splitted at this point. Invalid status.\"}","requestId":"9baae245-c306-4989-9c74-3ae47926dee9","status":422},"previous":null}
2022-10-12 06:13:21.761;2022-10-11T16:08:11.397-04:00;409;MLB;41718703086;41718703086;fulfillment;2000003878574833;{"current":{"body":"{\"error\": \"Resource locked: /packs/2000003878574833/split?caller.id=39630714\u0026client.id=1360974954364596\"}","requestId":"4420bfd8-ff8e-4792-aa9a-f49f4566f85b","status":409},"previous":null}
2022-10-12 06:25:53.022;2022-03-10T10:51:08.623-04:00;400;MLB;41233230948;41233230948;fulfillment;;{"current":{"body":"{\"error\": \"ShipmentId 41233230948 is not a bundle shipment. Only bundle shipments can be splitted.\"}","requestId":"8ad5b045-34ba-4d7d-82cd-a3397b1a9653","status":400},"previous":null}
2022-10-12 07:30:42.853;2022-03-10T10:51:08.623-04:00;400;MLB;41233230948;41233230948;fulfillment;;{"current":{"body":"{\"error\": \"ShipmentId 41233230948 is not a bundle shipment. Only bundle shipments can be splitted.\"}","requestId":"77beb2b3-7157-4a21-a790-68b3a2397586","status":400},"previous":null}
2022-10-12 08:36:19.682;2022-03-10T10:51:08.623-04:00;400;MLB;41233230948;41233230948;fulfillment;;{"current":{"body":"{\"error\": \"ShipmentId 41233230948 is not a bundle shipment. Only bundle shipments can be splitted.\"}","requestId":"4b5443f0-41b7-45fc-960b-d1694c3f2c77","status":400},"previous":null}
2022-10-12 09:40:26.852;2022-03-10T10:51:08.623-04:00;400;MLB;41233230948;41233230948;fulfillment;;{"current":{"body":"{\"error\": \"ShipmentId 41233230948 is not a bundle shipment. Only bundle shipments can be splitted.\"}","requestId":"6a07dc9b-9c78-40d5-94f6-5882e4b5250d","status":400},"previous":null}
2022-10-12 10:24:38.800;2022-10-12T06:24:12.535-04:00;422;MLB;41719904602;41719904602;cross_docking;2000003879786233;{"current":{"body":"{\"error\": \"Shipment 41719904602 can't be splitted at this point. Invalid status.\"}","requestId":"e910460e-b69e-46e0-93d1-9974f7d80340","status":422},"previous":null}
2022-10-12 10:46:00.702;2022-03-10T10:51:08.623-04:00;400;MLB;41233230948;41233230948;fulfillment;;{"current":{"body":"{\"error\": \"ShipmentId 41233230948 is not a bundle shipment. Only bundle shipments can be splitted.\"}","requestId":"cf964d7f-1654-4297-9711-b38b35016a82","status":400},"previous":null}
2022-10-12 11:50:39.012;2022-03-10T10:51:08.623-04:00;400;MLB;41233230948;41233230948;fulfillment;;{"current":{"body":"{\"error\": \"ShipmentId 41233230948 is not a bundle shipment. Only bundle shipments can be splitted.\"}","requestId":"db9596e2-6c25-42a1-80e8-8de11aeaccb4","status":400},"previous":null}
2022-10-12 11:56:12.467;2022-09-14T07:41:05.740-04:00;400;MLA;41655213329;41655213329;drop_off;2000003816442273;{"current":{"body":"{\"error\": \"Malformed request\"}","requestId":"2adb16ff-cc9f-45f4-9c18-c97ee0fc822b","status":400},"previous":null}
2022-10-12 12:56:04.107;2022-03-10T10:51:08.623-04:00;400;MLB;41233230948;41233230948;fulfillment;;{"current":{"body":"{\"error\": \"ShipmentId 41233230948 is not a bundle shipment. Only bundle shipments can be splitted.\"}","requestId":"9120e2db-1e96-4e57-89b7-d47143f30594","status":400},"previous":null}
2022-10-12 12:57:08.636;2022-10-12T08:56:45.731-04:00;422;MLB;41720101972;41720101972;cross_docking;2000003879950781;{"current":{"body":"{\"error\": \"Shipment 41720101972 can't be splitted at this point. Invalid status.\"}","requestId":"0aa93666-20d3-4ff7-ba6b-5cab9725b587","status":422},"previous":null}
2022-10-12 12:57:09.160;2022-10-12T08:56:45.731-04:00;422;MLB;41720101972;41720101972;cross_docking;2000003879950781;{"current":{"body":"{\"error\": \"Shipment 41720101972 can't be splitted at this point. Invalid status.\"}","requestId":"ae2c0620-9b8c-402b-a841-6213874000f2","status":422},"previous":null}
2022-10-12 12:59:05.163;2022-10-12T08:58:26.874-04:00;423;MLB;41720105321;41720105321;xd_drop_off;2000003879956367;{"current":{"body":"{\"error\": \"Resource 41720105321 already locked\"}","requestId":"aeb994cf-ae5b-4015-9539-8c2245dc8535","status":423},"previous":null}
2022-10-12 13:22:20.342;2022-10-12T09:21:48.600-04:00;400;MLA;41720152896;41720152896;cross_docking;2000003879999101;{"current":{"body":"{\"error\": \"Pack count should be between 2, 2\"}","requestId":"3fd18fae-c94d-4938-80d6-b819866040fd","status":400},"previous":null}
2022-10-12 13:22:21.699;2022-10-12T09:21:48.600-04:00;400;MLA;41720152896;41720152896;cross_docking;2000003879999101;{"current":{"body":"{\"error\": \"Pack count should be between 2, 2\"}","requestId":"e97fb18b-15f1-4ab8-b18b-990e4fb67f57","status":400},"previous":null}
2022-10-12 13:22:37.339;2022-10-12T09:21:48.600-04:00;400;MLA;41720152896;41720152896;cross_docking;2000003879999101;{"current":{"body":"{\"error\": \"Malformed request\"}","requestId":"77637c3c-614c-4c24-82d3-4a39a3bebea5","status":400},"previous":null}
2022-10-12 13:45:57.262;2022-10-12T09:22:39.790-04:00;400;MLA;41720156104;41720156104;drop_off;2000003880001261;{"current":{"body":"{\"error\": \"Malformed request\"}","requestId":"71fafd27-93f8-4075-b39c-bf0a387a0e5c","status":400},"previous":null}
2022-10-12 13:54:26.088;2022-10-12T09:53:19.542-04:00;422;MLM;41720225756;41720225756;cross_docking;2000003880063625;{"current":{"body":"{\"error\": \"Shipment 41720225756 can't be splitted at this point. Invalid status.\"}","requestId":"b15bfcf3-4741-4731-9125-45f99695c512","status":422},"previous":null}
2022-10-12 13:54:26.242;2022-10-12T09:53:19.542-04:00;422;MLM;41720225756;41720225756;cross_docking;2000003880063625;{"current":{"body":"{\"error\": \"Shipment 41720225756 can't be splitted at this point. Invalid status.\"}","requestId":"ca45e4f0-dff7-4558-840f-d44a418a1034","status":422},"previous":null}
2022-10-12 13:54:26.365;2022-10-12T09:53:19.542-04:00;422;MLM;41720225756;41720225756;cross_docking;2000003880063625;{"current":{"body":"{\"error\": \"Shipment 41720225756 can't be splitted at this point. Invalid status.\"}","requestId":"9505368c-c48c-4093-9aeb-63da2c62efab","status":422},"previous":null}
2022-10-12 13:54:26.608;2022-10-12T09:53:19.542-04:00;422;MLM;41720225756;41720225756;cross_docking;2000003880063625;{"current":{"body":"{\"error\": \"Shipment 41720225756 can't be splitted at this point. Invalid status.\"}","requestId":"f1ba4dc3-9bef-47d1-bbcb-debbafbe0573","status":422},"previous":null}
2022-10-12 13:54:28.108;2022-10-12T09:53:19.542-04:00;422;MLM;41720225756;41720225756;cross_docking;2000003880063625;{"current":{"body":"{\"error\": \"Shipment 41720225756 can't be splitted at this point. Invalid status.\"}","requestId":"120e374f-3f3a-4ace-9ee6-cd22eb5b58b8","status":422},"previous":null}
2022-10-12 13:54:28.525;2022-10-12T09:53:19.542-04:00;409;MLM;41720225756;41720225756;cross_docking;2000003880063625;{"current":{"body":"{\"error\": \"Resource locked: /packs/2000003880063625/split?caller.id=154901871\u0026client.id=1360974954364596\"}","requestId":"19034105-617a-4942-9be0-6b8cdeeb3904","status":409},"previous":null}
2022-10-12 13:56:52.442;2022-10-12T09:53:19.542-04:00;400;MLM;41720225756;41720225756;cross_docking;2000003880063625;{"current":{"body":"{\"error\": \"Malformed request\"}","requestId":"e408765d-fef5-4c82-95db-6b50ec6e9a01","status":400},"previous":null}
2022-10-12 13:58:17.993;2022-10-12T09:53:19.542-04:00;423;MLM;41720225756;41720225756;cross_docking;2000003880063625;{"current":{"body":"{\"error\": \"Resource 41720225756 already locked\"}","requestId":"0f75eb11-c9e0-43de-8629-5097f1d73d70","status":423},"previous":null}
2022-10-12 13:58:21.244;2022-10-12T09:53:19.542-04:00;423;MLM;41720225756;41720225756;cross_docking;2000003880063625;{"current":{"body":"{\"error\": \"Resource 41720225756 already locked\"}","requestId":"0e92a7c2-c5fb-430f-bf19-16572d9e093d","status":423},"previous":null}
2022-10-12 13:58:21.247;2022-10-12T09:53:19.542-04:00;423;MLM;41720225756;41720225756;cross_docking;2000003880063625;{"current":{"body":"{\"error\": \"Resource 41720225756 already locked\"}","requestId":"991cfcf5-8567-4b1e-bfc4-47faa05b4758","status":423},"previous":null}
2022-10-12 13:58:21.660;2022-10-12T09:53:19.542-04:00;400;MLM;41720225756;41720225756;cross_docking;2000003880063625;{"current":{"body":"{\"error\": \"Malformed request\"}","requestId":"3f5c8543-c98e-49d7-b90a-9c2217e76f80","status":400},"previous":null}
2022-10-12 14:00:20.199;2022-03-10T10:51:08.623-04:00;400;MLB;41233230948;41233230948;fulfillment;;{"current":{"body":"{\"error\": \"ShipmentId 41233230948 is not a bundle shipment. Only bundle shipments can be splitted.\"}","requestId":"5efbef19-d68e-40fa-b803-b7ecfd7a3563","status":400},"previous":null}
2022-10-12 14:30:46.511;2022-09-21T19:54:05.701-04:00;400;MLA;41672707819;41672707819;cross_docking;2000003833216353;{"current":{"body":"{\"error\": \"Malformed request\"}","requestId":"0781f946-58c2-44c2-b532-8967752adf82","status":400},"previous":null}
2022-10-12 14:30:52.484;2022-09-21T19:54:05.701-04:00;400;MLA;41672707819;41672707819;cross_docking;2000003833216353;{"current":{"body":"{\"error\": \"Malformed request\"}","requestId":"8832a131-78a6-4ef8-beba-59acfffc844e","status":400},"previous":null}
2022-10-12 14:31:24.445;2022-09-21T19:54:05.701-04:00;400;MLA;41672707819;41672707819;cross_docking;2000003833216353;{"current":{"body":"{\"error\": \"Malformed request\"}","requestId":"bdd108b6-10b8-4213-aebd-4f8cac4b866c","status":400},"previous":null}
2022-10-12 14:32:07.425;2022-09-21T19:54:05.701-04:00;400;MLA;41672707819;41672707819;cross_docking;2000003833216353;{"current":{"body":"{\"error\": \"Malformed request\"}","requestId":"f2df1828-d58d-4e5f-89c1-fe280789c70f","status":400},"previous":null}
2022-10-12 14:32:47.087;2022-09-21T19:54:05.701-04:00;400;MLA;41672707819;41672707819;cross_docking;2000003833216353;{"current":{"body":"{\"error\": \"Malformed request\"}","requestId":"37a022a3-9273-4f46-836d-8d0f03e27236","status":400},"previous":null}
2022-10-12 14:33:30.150;2022-09-21T19:54:05.701-04:00;400;MLA;41672707819;41672707819;cross_docking;2000003833216353;{"current":{"body":"{\"error\": \"Malformed request\"}","requestId":"19926e1f-5858-4e5f-b692-059f8a1ec1dc","status":400},"previous":null}
2022-10-12 15:05:48.604;2022-03-10T10:51:08.623-04:00;400;MLB;41233230948;41233230948;fulfillment;;{"current":{"body":"{\"error\": \"ShipmentId 41233230948 is not a bundle shipment. Only bundle shipments can be splitted.\"}","requestId":"a044a265-501d-42b2-a4fa-34c1d8eb64db","status":400},"previous":null}
2022-10-12 15:34:32.039;2022-10-12T11:28:28.286-04:00;400;MLM;41720467312;41720467312;drop_off;2000003880291123;{"current":{"body":"{\"error\": \"Pack count should be between 2, 2\"}","requestId":"9a6e82a7-5cd8-4a54-910b-d59d524b6d04","status":400},"previous":null}
2022-10-12 15:56:18.755;2022-09-20T15:24:17.334-04:00;400;MLA;41669357643;41669357643;cross_docking;2000003829964185;{"current":{"body":"{\"error\": \"Malformed request\"}","requestId":"d17a3eb8-b177-4d86-a72f-70ce4772307c","status":400},"previous":null}
2022-10-12 16:01:01.381;2022-10-12T09:21:48.600-04:00;400;MLA;41720152896;41720152896;cross_docking;2000003879999101;{"current":{"body":"{\"error\": \"Pack count should be between 2, 2\"}","requestId":"dfdc26ab-60e1-4fd7-b2ba-56b903172a92","status":400},"previous":null}
2022-10-12 16:01:36.809;2022-10-12T12:01:26.296-04:00;422;MLB;41720555080;41720555080;cross_docking;2000003880375043;{"current":{"body":"{\"error\": \"Shipment 41720555080 can't be splitted at this point. Invalid status.\"}","requestId":"8be976dd-1db2-43b2-8ff5-42ab366864de","status":422},"previous":null}
2022-10-12 16:01:37.478;2022-10-12T12:01:26.296-04:00;422;MLB;41720555080;41720555080;cross_docking;2000003880375043;{"current":{"body":"{\"error\": \"Shipment 41720555080 can't be splitted at this point. Invalid status.\"}","requestId":"08d6d69b-c0f7-4b67-8730-2248ef571157","status":422},"previous":null}
2022-10-12 16:02:02.292;2022-10-12T09:21:48.600-04:00;400;MLA;41720152896;41720152896;cross_docking;2000003879999101;{"current":{"body":"{\"error\": \"Pack count should be between 2, 2\"}","requestId":"4e9afc98-a00c-40b7-956a-0750f03e4e0e","status":400},"previous":null}
2022-10-12 16:03:01.938;2022-10-12T09:21:48.600-04:00;400;MLA;41720152896;41720152896;cross_docking;2000003879999101;{"current":{"body":"{\"error\": \"Pack count should be between 2, 2\"}","requestId":"86c4c33d-e0cd-4733-af9d-8199ba1383de","status":400},"previous":null}
2022-10-12 16:04:02.896;2022-10-12T09:21:48.600-04:00;400;MLA;41720152896;41720152896;cross_docking;2000003879999101;{"current":{"body":"{\"error\": \"Pack count should be between 2, 2\"}","requestId":"143e03de-26e4-4854-970a-7c4997fde93d","status":400},"previous":null}
2022-10-12 16:05:02.507;2022-10-12T09:21:48.600-04:00;400;MLA;41720152896;41720152896;cross_docking;2000003879999101;{"current":{"body":"{\"error\": \"Pack count should be between 2, 2\"}","requestId":"ad8b8429-0587-4564-b8af-5bc653600128","status":400},"previous":null}
2022-10-12 16:06:03.397;2022-10-12T09:21:48.600-04:00;400;MLA;41720152896;41720152896;cross_docking;2000003879999101;{"current":{"body":"{\"error\": \"Pack count should be between 2, 2\"}","requestId":"3fe2fe36-a580-45cd-b0d8-989a4a82fd65","status":400},"previous":null}
2022-10-12 16:07:01.801;2022-10-12T09:21:48.600-04:00;400;MLA;41720152896;41720152896;cross_docking;2000003879999101;{"current":{"body":"{\"error\": \"Pack count should be between 2, 2\"}","requestId":"0184b24c-d5a0-4283-8f9e-26387a52dca0","status":400},"previous":null}
2022-10-12 16:07:02.800;2022-10-12T09:21:48.600-04:00;400;MLA;41720152896;41720152896;cross_docking;2000003879999101;{"current":{"body":"{\"error\": \"Pack count should be between 2, 2\"}","requestId":"275363d0-5129-4ce4-ac5b-d20acf465ae6","status":400},"previous":null}
2022-10-12 16:07:03.044;2022-10-12T09:21:48.600-04:00;400;MLA;41720152896;41720152896;cross_docking;2000003879999101;{"current":{"body":"{\"error\": \"Pack count should be between 2, 2\"}","requestId":"27260d18-f14f-407e-8f13-11cdd52540cd","status":400},"previous":null}
2022-10-12 16:08:03.857;2022-10-12T09:21:48.600-04:00;400;MLA;41720152896;41720152896;cross_docking;2000003879999101;{"current":{"body":"{\"error\": \"Pack count should be between 2, 2\"}","requestId":"0ab2e76e-6480-4b5d-9faf-2d588f76636b","status":400},"previous":null}
2022-10-12 16:09:03.491;2022-10-12T09:21:48.600-04:00;400;MLA;41720152896;41720152896;cross_docking;2000003879999101;{"current":{"body":"{\"error\": \"Pack count should be between 2, 2\"}","requestId":"fbd36eae-3f62-4c12-93de-e628929b4180","status":400},"previous":null}
2022-10-12 16:09:04.068;2022-10-12T09:21:48.600-04:00;400;MLA;41720152896;41720152896;cross_docking;2000003879999101;{"current":{"body":"{\"error\": \"Pack count should be between 2, 2\"}","requestId":"d882ab1c-33f1-4c64-99af-4c8f8a7ea4e7","status":400},"previous":null}
2022-10-12 16:10:04.344;2022-10-12T09:21:48.600-04:00;400;MLA;41720152896;41720152896;cross_docking;2000003879999101;{"current":{"body":"{\"error\": \"Pack count should be between 2, 2\"}","requestId":"b540f769-e795-4cf1-8dde-c537ac1c8277","status":400},"previous":null}
2022-10-12 16:10:04.766;2022-10-12T09:21:48.600-04:00;400;MLA;41720152896;41720152896;cross_docking;2000003879999101;{"current":{"body":"{\"error\": \"Pack count should be between 2, 2\"}","requestId":"b869cc66-8040-45ca-b351-975a939cb59a","status":400},"previous":null}
2022-10-12 16:11:12.637;2022-03-10T10:51:08.623-04:00;400;MLB;41233230948;41233230948;fulfillment;;{"current":{"body":"{\"error\": \"ShipmentId 41233230948 is not a bundle shipment. Only bundle shipments can be splitted.\"}","requestId":"f2ed60a8-67eb-4b6f-b65f-dcc9dccf02f5","status":400},"previous":null}
2022-10-12 16:17:03.478;2022-10-12T12:12:57.035-04:00;400;MLM;41720585634;41720585634;drop_off;2000003880401571;{"current":{"body":"{\"error\": \"No more splits allowed.\"}","requestId":"14bb4bc7-662c-4044-86f5-0ae8d69e17e9","status":400},"previous":null}
2022-10-12 16:19:04.157;2022-10-12T09:21:48.600-04:00;400;MLA;41720152896;41720152896;cross_docking;2000003879999101;{"current":{"body":"{\"error\": \"Pack count should be between 2, 2\"}","requestId":"819c764b-d015-41a1-ab6c-ec5126593d82","status":400},"previous":null}
2022-10-12 16:20:05.372;2022-10-12T09:21:48.600-04:00;400;MLA;41720152896;41720152896;cross_docking;2000003879999101;{"current":{"body":"{\"error\": \"Pack count should be between 2, 2\"}","requestId":"e6f3c055-fb64-4331-9c21-117b13b214ee","status":400},"previous":null}
2022-10-12 16:29:04.514;2022-10-12T09:21:48.600-04:00;400;MLA;41720152896;41720152896;cross_docking;2000003879999101;{"current":{"body":"{\"error\": \"Pack count should be between 2, 2\"}","requestId":"50f99283-f711-496e-af3d-030e42d7137e","status":400},"previous":null}
2022-10-12 16:30:05.410;2022-10-12T09:21:48.600-04:00;400;MLA;41720152896;41720152896;cross_docking;2000003879999101;{"current":{"body":"{\"error\": \"Pack count should be between 2, 2\"}","requestId":"179f50d4-3ef7-4046-b583-211f44fd90b6","status":400},"previous":null}
2022-10-12 16:36:41.482;2022-10-12T09:21:48.600-04:00;400;MLA;41720152896;41720152896;cross_docking;2000003879999101;{"current":{"body":"{\"error\": \"Pack count should be between 2, 2\"}","requestId":"0c89cd86-9b16-45e9-8789-48c784511b2a","status":400},"previous":null}
2022-10-12 16:36:42.681;2022-10-12T09:21:48.600-04:00;400;MLA;41720152896;41720152896;cross_docking;2000003879999101;{"current":{"body":"{\"error\": \"Pack count should be between 2, 2\"}","requestId":"0e316003-d9aa-470a-8e86-23536f103c7b","status":400},"previous":null}
2022-10-12 16:51:17.864;2022-09-24T14:41:47.599-04:00;400;MLA;41678519011;41678519011;drop_off;2000003838884687;{"current":{"body":"{\"error\": \"Malformed request\"}","requestId":"7129e948-b9b2-4417-a917-617199de3e4e","status":400},"previous":null}
2022-10-12 17:12:45.789;2022-10-12T09:21:48.600-04:00;400;MLA;41720152896;41720152896;cross_docking;2000003879999101;{"current":{"body":"{\"error\": \"Pack count should be between 2, 2\"}","requestId":"b02ebc78-1cc9-4c3f-9d31-4bda2786fc92","status":400},"previous":null}
2022-10-12 17:12:46.862;2022-10-12T09:21:48.600-04:00;400;MLA;41720152896;41720152896;cross_docking;2000003879999101;{"current":{"body":"{\"error\": \"Pack count should be between 2, 2\"}","requestId":"e172407c-8d0f-4096-8009-6e4b9b75b740","status":400},"previous":null}
2022-10-12 17:15:31.588;2022-03-10T10:51:08.623-04:00;400;MLB;41233230948;41233230948;fulfillment;;{"current":{"body":"{\"error\": \"ShipmentId 41233230948 is not a bundle shipment. Only bundle shipments can be splitted.\"}","requestId":"8910acaf-a4a5-403d-9cb0-2fab177ce6da","status":400},"previous":null}
2022-10-12 17:33:17.795;2022-10-12T09:21:48.600-04:00;400;MLA;41720152896;41720152896;cross_docking;2000003879999101;{"current":{"body":"{\"error\": \"Pack count should be between 2, 2\"}","requestId":"07daea4a-c48d-4677-9839-12a26458f97e","status":400},"previous":null}
2022-10-12 17:33:19.786;2022-10-12T09:21:48.600-04:00;400;MLA;41720152896;41720152896;cross_docking;2000003879999101;{"current":{"body":"{\"error\": \"Pack count should be between 2, 2\"}","requestId":"7a3582d1-7390-4895-be7a-17232588f80e","status":400},"previous":null}
2022-10-12 18:02:38.243;2022-10-11T23:22:48.424-04:00;400;MLA;41719703164;41719703164;cross_docking;2000003879556609;{"current":{"body":"{\"error\": \"Malformed request\"}","requestId":"5d18ffc4-d384-4485-9e41-c120eb25975f","status":400},"previous":null}
2022-10-12 18:03:31.955;2022-10-11T23:22:48.424-04:00;400;MLA;41719703164;41719703164;cross_docking;2000003879556609;{"current":{"body":"{\"error\": \"Malformed request\"}","requestId":"f226febc-9509-498e-9227-c80358b6d666","status":400},"previous":null}
2022-10-12 18:03:50.480;2022-10-11T23:22:48.424-04:00;400;MLA;41719703164;41719703164;cross_docking;2000003879556609;{"current":{"body":"{\"error\": \"Malformed request\"}","requestId":"31157c96-ac79-4433-905e-6e06c4644aa3","status":400},"previous":null}
2022-10-12 18:04:18.182;2022-10-11T23:22:48.424-04:00;400;MLA;41719703164;41719703164;cross_docking;2000003879556609;{"current":{"body":"{\"error\": \"Malformed request\"}","requestId":"00180406-18eb-4734-9fbb-3779650fa11c","status":400},"previous":null}
2022-10-12 18:05:08.469;2022-10-11T23:22:48.424-04:00;400;MLA;41719703164;41719703164;cross_docking;2000003879556609;{"current":{"body":"{\"error\": \"Malformed request\"}","requestId":"74ec05bb-22db-4be0-8983-4484a202c916","status":400},"previous":null}
2022-10-12 18:05:34.466;2022-10-11T23:22:48.424-04:00;400;MLA;41719703164;41719703164;cross_docking;2000003879556609;{"current":{"body":"{\"error\": \"Malformed request\"}","requestId":"b9f2f4ef-6da6-465b-b527-cb44fae7c2ac","status":400},"previous":null}
2022-10-12 18:07:29.883;2022-10-11T23:22:48.424-04:00;400;MLA;41719703164;41719703164;cross_docking;2000003879556609;{"current":{"body":"{\"error\": \"Malformed request\"}","requestId":"764bc87c-66a1-4af9-a368-4acbb9ec86f8","status":400},"previous":null}
2022-10-12 18:10:54.377;2022-10-12T09:21:48.600-04:00;400;MLA;41720152896;41720152896;cross_docking;2000003879999101;{"current":{"body":"{\"error\": \"Pack count should be between 2, 2\"}","requestId":"f6ff8ae9-0038-49ad-b8bd-9bab4fbf4b63","status":400},"previous":null}
2022-10-12 18:10:57.138;2022-10-12T09:21:48.600-04:00;400;MLA;41720152896;41720152896;cross_docking;2000003879999101;{"current":{"body":"{\"error\": \"Pack count should be between 2, 2\"}","requestId":"082cc116-a4e6-47e9-9d0b-08c977b4ac14","status":400},"previous":null}
2022-10-12 18:20:43.526;2022-03-10T10:51:08.623-04:00;400;MLB;41233230948;41233230948;fulfillment;;{"current":{"body":"{\"error\": \"ShipmentId 41233230948 is not a bundle shipment. Only bundle shipments can be splitted.\"}","requestId":"a0d4692e-b87e-48da-a506-5959424c9a8b","status":400},"previous":null}
2022-10-12 18:33:19.065;2022-10-12T09:21:48.600-04:00;400;MLA;41720152896;41720152896;cross_docking;2000003879999101;{"current":{"body":"{\"error\": \"Pack count should be between 2, 2\"}","requestId":"4356ca0a-df66-4043-886c-ab95b8065716","status":400},"previous":null}
2022-10-12 18:33:20.385;2022-10-12T09:21:48.600-04:00;400;MLA;41720152896;41720152896;cross_docking;2000003879999101;{"current":{"body":"{\"error\": \"Pack count should be between 2, 2\"}","requestId":"ab6b8134-dc5b-4436-b592-b1033877bd28","status":400},"previous":null}
2022-10-12 18:43:23.073;2022-10-12T14:42:46.151-04:00;422;MLB;41720965500;41720965500;cross_docking;2000003880754635;{"current":{"body":"{\"error\": \"Shipment 41720965500 can't be splitted at this point. Invalid status.\"}","requestId":"66d3bfcd-ea6e-4e73-931d-8571fbd8e4ed","status":422},"previous":null}
2022-10-12 19:16:30.623;2022-10-12T09:21:48.600-04:00;400;MLA;41720152896;41720152896;cross_docking;2000003879999101;{"current":{"body":"{\"error\": \"Pack count should be between 2, 2\"}","requestId":"376e48b1-9b2c-4104-9dfe-ee6ddcd8f54f","status":400},"previous":null}
2022-10-12 19:16:32.267;2022-10-12T09:21:48.600-04:00;400;MLA;41720152896;41720152896;cross_docking;2000003879999101;{"current":{"body":"{\"error\": \"Pack count should be between 2, 2\"}","requestId":"1c47f379-fd83-4d38-b3ff-e3bf5718ae7c","status":400},"previous":null}
2022-10-12 19:26:43.829;2022-03-10T10:51:08.623-04:00;400;MLB;41233230948;41233230948;fulfillment;;{"current":{"body":"{\"error\": \"ShipmentId 41233230948 is not a bundle shipment. Only bundle shipments can be splitted.\"}","requestId":"ad562d12-648e-4843-bb69-3a33ae5ec3ab","status":400},"previous":null}
2022-10-12 19:39:38.760;2022-10-12T15:38:33.293-04:00;400;MLA;41721101319;41721101319;cross_docking;2000003880901471;{"current":{"body":"{\"error\": \"Malformed request\"}","requestId":"b9c29929-0f4d-47fb-b9ba-476548b7e0a3","status":400},"previous":null}
2022-10-12 19:40:31.430;2022-10-12T15:38:33.293-04:00;400;MLA;41721101319;41721101319;cross_docking;2000003880901471;{"current":{"body":"{\"error\": \"Malformed request\"}","requestId":"57525366-4035-4c1a-a92b-e211346a51de","status":400},"previous":null}
2022-10-12 19:43:12.122;2022-10-12T09:21:48.600-04:00;400;MLA;41720152896;41720152896;cross_docking;2000003879999101;{"current":{"body":"{\"error\": \"Pack count should be between 2, 2\"}","requestId":"aa265726-d9a8-4e68-a36b-1c4cb8307669","status":400},"previous":null}
2022-10-12 19:43:13.082;2022-10-12T09:21:48.600-04:00;400;MLA;41720152896;41720152896;cross_docking;2000003879999101;{"current":{"body":"{\"error\": \"Pack count should be between 2, 2\"}","requestId":"507a98b8-bdd8-4731-aeb3-d07b95815d21","status":400},"previous":null}
2022-10-12 19:45:34.575;2022-10-12T15:38:33.293-04:00;400;MLA;41721101319;41721101319;cross_docking;2000003880901471;{"current":{"body":"{\"error\": \"Malformed request\"}","requestId":"0efbb236-5c40-4dd2-82f6-d57960d2d728","status":400},"previous":null}
2022-10-12 19:51:35.713;2022-10-03T17:36:12.282-04:00;400;MLB;41698369348;41698369348;cross_docking;2000003858668045;{"current":{"body":"{\"error\": \"No more splits allowed.\"}","requestId":"1ef9e061-9da3-430b-8e91-1624dc27a596","status":400},"previous":null}
2022-10-12 19:51:36.293;2022-10-03T17:36:12.282-04:00;400;MLB;41698369348;41698369348;cross_docking;2000003858668045;{"current":{"body":"{\"error\": \"No more splits allowed.\"}","requestId":"0771ee57-555d-4126-8b43-0e445b74a3ee","status":400},"previous":null}
2022-10-12 19:51:36.849;2022-10-03T17:36:12.282-04:00;400;MLB;41698369348;41698369348;cross_docking;2000003858668045;{"current":{"body":"{\"error\": \"No more splits allowed.\"}","requestId":"06deadb4-e48f-4bb9-a65a-c95f77869e5e","status":400},"previous":null}
2022-10-12 19:51:37.271;2022-10-03T17:36:12.282-04:00;400;MLB;41698369348;41698369348;cross_docking;2000003858668045;{"current":{"body":"{\"error\": \"No more splits allowed.\"}","requestId":"d14fa2cf-035a-4164-9d2a-1fb5b8731dd9","status":400},"previous":null}
2022-10-12 19:51:37.918;2022-10-03T17:36:12.282-04:00;400;MLB;41698369348;41698369348;cross_docking;2000003858668045;{"current":{"body":"{\"error\": \"No more splits allowed.\"}","requestId":"1549ea15-4d97-480b-b6c4-934148f98331","status":400},"previous":null}
2022-10-12 20:30:19.012;2022-03-10T10:51:08.623-04:00;400;MLB;41233230948;41233230948;fulfillment;;{"current":{"body":"{\"error\": \"ShipmentId 41233230948 is not a bundle shipment. Only bundle shipments can be splitted.\"}","requestId":"16b80ce1-d454-43a2-8aa8-567be800fc4b","status":400},"previous":null}
2022-10-12 20:34:33.903;2022-10-12T09:21:48.600-04:00;400;MLA;41720152896;41720152896;cross_docking;2000003879999101;{"current":{"body":"{\"error\": \"Pack count should be between 2, 2\"}","requestId":"04292b86-2163-40f9-a9c1-438a0bd28f57","status":400},"previous":null}
2022-10-12 20:34:35.814;2022-10-12T09:21:48.600-04:00;400;MLA;41720152896;41720152896;cross_docking;2000003879999101;{"current":{"body":"{\"error\": \"Pack count should be between 2, 2\"}","requestId":"599225f4-de84-4117-9d16-17e9b82567d1","status":400},"previous":null}
2022-10-12 20:39:25.618;2022-10-12T16:39:02.795-04:00;409;MLM;41721245212;41721245212;fulfillment;2000003880952633;{"current":{"body":"{\"error\": \"Resource locked: /packs/2000003880952633/split?caller.id=744140637\u0026client.id=1360974954364596\"}","requestId":"b4d0a7db-82bd-4537-bdf6-d0906e0f5dfa","status":409},"previous":null}
2022-10-12 21:03:29.695;2022-10-12T09:21:48.600-04:00;400;MLA;41720152896;41720152896;cross_docking;2000003879999101;{"current":{"body":"{\"error\": \"Pack count should be between 2, 2\"}","requestId":"43628dbe-5e91-4052-97ba-3b35df370eee","status":400},"previous":null}
2022-10-12 21:03:30.632;2022-10-12T09:21:48.600-04:00;400;MLA;41720152896;41720152896;cross_docking;2000003879999101;{"current":{"body":"{\"error\": \"Pack count should be between 2, 2\"}","requestId":"98d2c9ed-1c7a-484d-ae61-e3cd03f65a22","status":400},"previous":null}
2022-10-12 21:19:07.495;2022-10-12T17:17:10.611-04:00;422;MLB;41721335687;41721335687;cross_docking;2000003881126915;{"current":{"body":"{\"error\": \"Shipment 41721335687 can't be splitted at this point. Invalid status.\"}","requestId":"dce34a41-e8d0-416d-b448-0912a2c8f8a9","status":422},"previous":null}
2022-10-12 21:33:18.182;2022-10-12T17:32:10.665-04:00;423;MLB;41721372954;41721372954;cross_docking;2000003881168445;{"current":{"body":"{\"error\": \"Resource 41721372954 already locked\"}","requestId":"d1d7d8c5-3a43-4ce8-a551-e6046abb0c17","status":423},"previous":null}
2022-10-12 21:34:52.417;2022-10-12T09:21:48.600-04:00;400;MLA;41720152896;41720152896;cross_docking;2000003879999101;{"current":{"body":"{\"error\": \"Pack count should be between 2, 2\"}","requestId":"9dca9a72-e5c3-4414-8c7d-08d820364268","status":400},"previous":null}
2022-10-12 21:34:53.389;2022-10-12T09:21:48.600-04:00;400;MLA;41720152896;41720152896;cross_docking;2000003879999101;{"current":{"body":"{\"error\": \"Pack count should be between 2, 2\"}","requestId":"faa8b589-6365-4189-9572-3636167a041f","status":400},"previous":null}
2022-10-12 21:35:30.879;2022-03-10T10:51:08.623-04:00;400;MLB;41233230948;41233230948;fulfillment;;{"current":{"body":"{\"error\": \"ShipmentId 41233230948 is not a bundle shipment. Only bundle shipments can be splitted.\"}","requestId":"687f04c9-b443-494f-90a3-710e5c517b7f","status":400},"previous":null}
2022-10-12 21:52:41.606;2022-10-12T17:52:16.440-04:00;422;MLB;41721421783;41721421783;cross_docking;2000003881218413;{"current":{"body":"{\"error\": \"Shipment 41721421783 can't be splitted at this point. Invalid status.\"}","requestId":"bd0f4aa8-5ba3-4cd8-bc6e-bef73af458a3","status":422},"previous":null}
2022-10-12 22:04:57.154;2022-10-12T18:04:25.969-04:00;409;MLM;41721453075;41721453075;fulfillment;2000003879906923;{"current":{"body":"{\"error\": \"Resource locked: /packs/2000003879906923/split?caller.id=119786025\u0026client.id=1360974954364596\"}","requestId":"c11e76ed-24c4-4d8e-ac99-5605362c3b55","status":409},"previous":null}
2022-10-12 22:15:19.634;2022-10-12T09:21:48.600-04:00;400;MLA;41720152896;41720152896;cross_docking;2000003879999101;{"current":{"body":"{\"error\": \"Pack count should be between 2, 2\"}","requestId":"9a1ee6ef-0f10-48ef-a812-7442fb4e3166","status":400},"previous":null}
2022-10-12 22:15:20.717;2022-10-12T09:21:48.600-04:00;400;MLA;41720152896;41720152896;cross_docking;2000003879999101;{"current":{"body":"{\"error\": \"Pack count should be between 2, 2\"}","requestId":"6660c069-73cd-4c04-a975-20cdfcf75d90","status":400},"previous":null}
2022-10-12 22:40:54.246;2022-03-10T10:51:08.623-04:00;400;MLB;41233230948;41233230948;fulfillment;;{"current":{"body":"{\"error\": \"ShipmentId 41233230948 is not a bundle shipment. Only bundle shipments can be splitted.\"}","requestId":"4eed10a4-2134-482e-9e51-7498c865ad8c","status":400},"previous":null}
2022-10-12 23:19:07.693;2022-10-12T19:18:42.297-04:00;422;MLA;41721646452;41721646452;drop_off;2000003881441771;{"current":{"body":"{\"error\": \"Shipment 41721646452 can't be splitted at this point. Invalid status.\"}","requestId":"f95813dc-59d3-4786-9575-bac2acefbfe1","status":422},"previous":null}
2022-10-12 23:19:07.792;2022-10-12T19:18:42.297-04:00;422;MLA;41721646452;41721646452;drop_off;2000003881441771;{"current":{"body":"{\"error\": \"Shipment 41721646452 can't be splitted at this point. Invalid status.\"}","requestId":"7a8e7875-767c-4da9-883b-0e0eb6e7dbe1","status":422},"previous":null}
2022-10-12 23:19:07.853;2022-10-12T19:18:42.297-04:00;422;MLA;41721646452;41721646452;drop_off;2000003881441771;{"current":{"body":"{\"error\": \"Shipment 41721646452 can't be splitted at this point. Invalid status.\"}","requestId":"da70eb01-fa28-4b8f-a760-b7b70092ceba","status":422},"previous":null}
2022-10-12 23:19:35.753;2022-10-12T19:18:42.297-04:00;400;MLA;41721646452;41721646452;drop_off;2000003881441771;{"current":{"body":"{\"error\": \"Malformed request\"}","requestId":"e603d03d-2cbc-435e-9a45-d3c65eff9f5c","status":400},"previous":null}
2022-10-12 23:46:14.193;2022-03-10T10:51:08.623-04:00;400;MLB;41233230948;41233230948;fulfillment;;{"current":{"body":"{\"error\": \"ShipmentId 41233230948 is not a bundle shipment. Only bundle shipments can be splitted.\"}","requestId":"5d4eb8a2-dc92-4684-99ad-ca109347b234","status":400},"previous":null}
2022-10-13 00:50:20.120;2022-03-10T10:51:08.623-04:00;400;MLB;41233230948;41233230948;fulfillment;;{"current":{"body":"{\"error\": \"ShipmentId 41233230948 is not a bundle shipment. Only bundle shipments can be splitted.\"}","requestId":"a34d6720-fbe6-4fb5-a6cc-1218ab9c2fc5","status":400},"previous":null}
2022-10-13 00:51:33.403;2022-10-12T20:50:49.854-04:00;423;MLB;41721878969;41721878969;cross_docking;2000003881674591;{"current":{"body":"{\"error\": \"Resource 41721878969 already locked\"}","requestId":"e2659ea6-015d-4866-857e-e4b7aa05fdd0","status":423},"previous":null}
2022-10-13 01:55:52.079;2022-03-10T10:51:08.623-04:00;400;MLB;41233230948;41233230948;fulfillment;;{"current":{"body":"{\"error\": \"ShipmentId 41233230948 is not a bundle shipment. Only bundle shipments can be splitted.\"}","requestId":"a2f2913e-de1b-45e1-b67d-47e0ae0533ab","status":400},"previous":null}
2022-10-13 02:21:57.486;2022-10-12T22:04:17.446-04:00;400;MLM;41722043352;41722043352;cross_docking;2000003881848953;{"current":{"body":"{\"error\": \"No more splits allowed.\"}","requestId":"b5fefce8-1bb1-452c-9cd3-8519514c2b3b","status":400},"previous":null}
2022-10-13 03:00:12.346;2022-03-10T10:51:08.623-04:00;400;MLB;41233230948;41233230948;fulfillment;;{"current":{"body":"{\"error\": \"ShipmentId 41233230948 is not a bundle shipment. Only bundle shipments can be splitted.\"}","requestId":"770529c6-190e-4263-a0ad-c63e35595d06","status":400},"previous":null}
2022-10-13 03:15:47.110;2022-10-12T22:15:47.219-04:00;400;MLA;41722065031;41722065031;drop_off;2000003881875281;{"current":{"body":"{\"error\": \"Malformed request\"}","requestId":"8c18fdb6-bf35-4862-b921-9bd3fbb1cca3","status":400},"previous":null}
2022-10-13 03:16:28.432;2022-10-12T22:15:46.431-04:00;400;MLA;41722065025;41722065025;drop_off;2000003881875283;{"current":{"body":"{\"error\": \"Malformed request\"}","requestId":"27edd531-aa75-410d-8906-a489818e9b13","status":400},"previous":null}
2022-10-13 03:54:57.504;2022-10-12T23:54:15.749-04:00;422;MLA;41722208326;41722208326;cross_docking;2000003882049505;{"current":{"body":"{\"error\": \"Shipment 41722208326 can't be splitted at this point. Invalid status.\"}","requestId":"4f2612e3-6870-4ab0-a422-4278a0f83dfb","status":422},"previous":null}
2022-10-13 03:54:58.951;2022-10-12T23:54:15.749-04:00;422;MLA;41722208326;41722208326;cross_docking;2000003882049505;{"current":{"body":"{\"error\": \"Shipment 41722208326 can't be splitted at this point. Invalid status.\"}","requestId":"15e17f11-4d95-4809-8247-6379925249b8","status":422},"previous":null}
2022-10-13 03:55:37.087;2022-10-12T23:54:15.749-04:00;423;MLA;41722208326;41722208326;cross_docking;2000003882049505;{"current":{"body":"{\"error\": \"Resource 41722208326 already locked\"}","requestId":"bf837822-e07d-42a6-8b7f-9dc8e29f4691","status":423},"previous":null}
2022-10-13 04:05:27.755;2022-03-10T10:51:08.623-04:00;400;MLB;41233230948;41233230948;fulfillment;;{"current":{"body":"{\"error\": \"ShipmentId 41233230948 is not a bundle shipment. Only bundle shipments can be splitted.\"}","requestId":"7f07db5e-7c46-486f-9363-105390946fc7","status":400},"previous":null}
2022-10-13 05:10:58.155;2022-03-10T10:51:08.623-04:00;400;MLB;41233230948;41233230948;fulfillment;;{"current":{"body":"{\"error\": \"ShipmentId 41233230948 is not a bundle shipment. Only bundle shipments can be splitted.\"}","requestId":"0e3935ed-2f01-4c67-b521-61c007a2b7ab","status":400},"previous":null}
2022-10-13 05:56:45.173;2022-10-13T01:56:15.705-04:00;422;MCO;41722283937;41722283937;cross_docking;2000003882159043;{"current":{"body":"{\"error\": \"Shipment 41722283937 can't be splitted at this point. Invalid status.\"}","requestId":"14cd8d97-24d1-42b9-b509-56eea49fe770","status":422},"previous":null}
2022-10-13 05:56:46.044;2022-10-13T01:56:15.705-04:00;422;MCO;41722283937;41722283937;cross_docking;2000003882159043;{"current":{"body":"{\"error\": \"Shipment 41722283937 can't be splitted at this point. Invalid status.\"}","requestId":"893214aa-0b1e-44a2-9387-6e51a0a6f7e8","status":422},"previous":null}
2022-10-13 05:56:48.317;2022-10-13T01:56:15.705-04:00;422;MCO;41722283937;41722283937;cross_docking;2000003882159043;{"current":{"body":"{\"error\": \"Shipment 41722283937 can't be splitted at this point. Invalid status.\"}","requestId":"103389b7-5030-48ed-bde3-b18a1487f8cc","status":422},"previous":null}
2022-10-13 06:16:03.574;2022-03-10T10:51:08.623-04:00;400;MLB;41233230948;41233230948;fulfillment;;{"current":{"body":"{\"error\": \"ShipmentId 41233230948 is not a bundle shipment. Only bundle shipments can be splitted.\"}","requestId":"3290ca68-9bc4-4110-af6d-107b3a0aa18c","status":400},"previous":null}
2022-10-13 07:21:12.790;2022-03-10T10:51:08.623-04:00;400;MLB;41233230948;41233230948;fulfillment;;{"current":{"body":"{\"error\": \"ShipmentId 41233230948 is not a bundle shipment. Only bundle shipments can be splitted.\"}","requestId":"995397c2-e6e1-412a-92b2-9f16891c2aed","status":400},"previous":null}
2022-10-13 08:25:07.347;2022-03-10T10:51:08.623-04:00;400;MLB;41233230948;41233230948;fulfillment;;{"current":{"body":"{\"error\": \"ShipmentId 41233230948 is not a bundle shipment. Only bundle shipments can be splitted.\"}","requestId":"682b1fdc-5c60-4d0b-82bf-79c79d248acd","status":400},"previous":null}
2022-10-13 09:30:14.993;2022-03-10T10:51:08.623-04:00;400;MLB;41233230948;41233230948;fulfillment;;{"current":{"body":"{\"error\": \"ShipmentId 41233230948 is not a bundle shipment. Only bundle shipments can be splitted.\"}","requestId":"90da54e9-24ef-4eb1-a171-65cc5f484b8b","status":400},"previous":null}
2022-10-13 10:35:28.141;2022-03-10T10:51:08.623-04:00;400;MLB;41233230948;41233230948;fulfillment;;{"current":{"body":"{\"error\": \"ShipmentId 41233230948 is not a bundle shipment. Only bundle shipments can be splitted.\"}","requestId":"222fb260-6684-4dde-b9bc-2c601a6adf91","status":400},"previous":null}
2022-10-13 11:05:31.740;2022-10-07T10:53:28.073-04:00;400;MLB;41708622925;41708622925;cross_docking;2000003868754575;{"current":{"body":"{\"error\": \"No more splits allowed.\"}","requestId":"48ada50b-f558-4dd5-8858-5cbc6997da8e","status":400},"previous":null}
2022-10-13 11:05:32.328;2022-10-07T10:53:28.073-04:00;400;MLB;41708622925;41708622925;cross_docking;2000003868754575;{"current":{"body":"{\"error\": \"No more splits allowed.\"}","requestId":"4bbf19fb-e717-4c65-b5ec-ba9c04df5d75","status":400},"previous":null}
2022-10-13 11:05:33.020;2022-10-07T10:53:28.073-04:00;400;MLB;41708622925;41708622925;cross_docking;2000003868754575;{"current":{"body":"{\"error\": \"No more splits allowed.\"}","requestId":"3abe913d-483e-41b3-98d2-c8f513b51623","status":400},"previous":null}
2022-10-13 11:05:33.503;2022-10-07T10:53:28.073-04:00;400;MLB;41708622925;41708622925;cross_docking;2000003868754575;{"current":{"body":"{\"error\": \"No more splits allowed.\"}","requestId":"6d136cdc-2184-49bd-9e6b-06bf08d0033e","status":400},"previous":null}
2022-10-13 11:05:33.973;2022-10-07T10:53:28.073-04:00;400;MLB;41708622925;41708622925;cross_docking;2000003868754575;{"current":{"body":"{\"error\": \"No more splits allowed.\"}","requestId":"ba7761b5-f7d4-46a0-a0cd-d007eb1a91ff","status":400},"previous":null}
2022-10-13 11:05:34.374;2022-10-07T10:53:28.073-04:00;400;MLB;41708622925;41708622925;cross_docking;2000003868754575;{"current":{"body":"{\"error\": \"No more splits allowed.\"}","requestId":"7cd9043a-5d0e-4f9b-90f1-9355a63f3833","status":400},"previous":null}
2022-10-13 11:05:34.838;2022-10-07T10:53:28.073-04:00;400;MLB;41708622925;41708622925;cross_docking;2000003868754575;{"current":{"body":"{\"error\": \"No more splits allowed.\"}","requestId":"36468732-9fff-4058-8c29-2ad8355655f9","status":400},"previous":null}
2022-10-13 11:05:36.464;2022-10-07T10:53:28.073-04:00;400;MLB;41708622925;41708622925;cross_docking;2000003868754575;{"current":{"body":"{\"error\": \"No more splits allowed.\"}","requestId":"9a3641b7-f23a-4006-bbaa-314af21a5fc0","status":400},"previous":null}
2022-10-13 11:05:37.167;2022-10-07T10:53:28.073-04:00;400;MLB;41708622925;41708622925;cross_docking;2000003868754575;{"current":{"body":"{\"error\": \"No more splits allowed.\"}","requestId":"201c1ae9-ce73-4a08-a441-23f815e23525","status":400},"previous":null}
2022-10-13 11:05:37.733;2022-10-07T10:53:28.073-04:00;400;MLB;41708622925;41708622925;cross_docking;2000003868754575;{"current":{"body":"{\"error\": \"No more splits allowed.\"}","requestId":"7b7fd7f3-cd06-4277-b62d-7373684b815a","status":400},"previous":null}
2022-10-13 11:12:27.368;2022-10-03T11:49:30.336-04:00;400;MLA;41697358789;41697358789;cross_docking;2000003857663609;{"current":{"body":"{\"error\": \"Malformed request\"}","requestId":"72817272-0e46-48c4-a325-43bf3a72829b","status":400},"previous":null}
2022-10-13 11:13:11.952;2022-10-03T11:49:30.336-04:00;400;MLA;41697358789;41697358789;cross_docking;2000003857663609;{"current":{"body":"{\"error\": \"Malformed request\"}","requestId":"7415fa7d-bf88-4c3c-a7f0-a17d9d49433f","status":400},"previous":null}
2022-10-13 11:34:42.349;2022-10-05T17:13:50.210-04:00;400;MLB;41704111002;41704111002;cross_docking;2000003864351631;{"current":{"body":"{\"error\": \"No more splits allowed.\"}","requestId":"4e709dbf-5b72-4d50-9cd8-4d4f4644b62e","status":400},"previous":null}
2022-10-13 11:34:42.878;2022-10-05T17:13:50.210-04:00;400;MLB;41704111002;41704111002;cross_docking;2000003864351631;{"current":{"body":"{\"error\": \"No more splits allowed.\"}","requestId":"b552e82d-2fd2-47ed-b16d-131e86515f5c","status":400},"previous":null}
2022-10-13 11:34:43.530;2022-10-05T17:13:50.210-04:00;400;MLB;41704111002;41704111002;cross_docking;2000003864351631;{"current":{"body":"{\"error\": \"No more splits allowed.\"}","requestId":"c3c740f7-bb65-47cb-aec9-143816859e1d","status":400},"previous":null}
2022-10-13 11:34:44.025;2022-10-05T17:13:50.210-04:00;400;MLB;41704111002;41704111002;cross_docking;2000003864351631;{"current":{"body":"{\"error\": \"No more splits allowed.\"}","requestId":"7912f7f7-1e67-4fe4-a92b-3bf4f643c9ec","status":400},"previous":null}
2022-10-13 11:34:44.408;2022-10-05T17:13:50.210-04:00;400;MLB;41704111002;41704111002;cross_docking;2000003864351631;{"current":{"body":"{\"error\": \"No more splits allowed.\"}","requestId":"d9b98721-9f44-4ca6-b78e-bce3dbd289f0","status":400},"previous":null}
2022-10-13 11:34:44.922;2022-10-05T17:13:50.210-04:00;400;MLB;41704111002;41704111002;cross_docking;2000003864351631;{"current":{"body":"{\"error\": \"No more splits allowed.\"}","requestId":"8bb9002b-4131-4db5-ba67-939db00030df","status":400},"previous":null}
2022-10-13 11:34:45.362;2022-10-05T17:13:50.210-04:00;400;MLB;41704111002;41704111002;cross_docking;2000003864351631;{"current":{"body":"{\"error\": \"No more splits allowed.\"}","requestId":"83b715bd-583f-4983-be21-275ce4753d7e","status":400},"previous":null}
2022-10-13 11:34:45.780;2022-10-05T17:13:50.210-04:00;400;MLB;41704111002;41704111002;cross_docking;2000003864351631;{"current":{"body":"{\"error\": \"No more splits allowed.\"}","requestId":"e9e2fbef-5e32-456d-807b-d33d188bf156","status":400},"previous":null}
2022-10-13 11:34:46.172;2022-10-05T17:13:50.210-04:00;400;MLB;41704111002;41704111002;cross_docking;2000003864351631;{"current":{"body":"{\"error\": \"No more splits allowed.\"}","requestId":"20a1a260-0faa-4d33-9b24-797e0ae9780a","status":400},"previous":null}
2022-10-13 11:34:46.577;2022-10-05T17:13:50.210-04:00;400;MLB;41704111002;41704111002;cross_docking;2000003864351631;{"current":{"body":"{\"error\": \"No more splits allowed.\"}","requestId":"2cb24ed4-f4a4-428f-aad4-0cb5e78ea7c3","status":400},"previous":null}
2022-10-13 11:40:57.543;2022-03-10T10:51:08.623-04:00;400;MLB;41233230948;41233230948;fulfillment;;{"current":{"body":"{\"error\": \"ShipmentId 41233230948 is not a bundle shipment. Only bundle shipments can be splitted.\"}","requestId":"a998cb2e-1c41-40e4-93d9-115a2479a271","status":400},"previous":null}
2022-10-13 12:06:05.080;2022-10-13T08:05:22.165-04:00;422;MLB;41722494077;41722494077;cross_docking;2000003882351667;{"current":{"body":"{\"error\": \"Shipment 41722494077 can't be splitted at this point. Invalid status.\"}","requestId":"833158ca-bfa3-405e-8c7b-f296866e29aa","status":422},"previous":null}
2022-10-13 12:06:05.249;2022-10-13T08:05:22.165-04:00;422;MLB;41722494077;41722494077;cross_docking;2000003882351667;{"current":{"body":"{\"error\": \"Shipment 41722494077 can't be splitted at this point. Invalid status.\"}","requestId":"1923af35-7a93-4864-948f-2f2bf4a66193","status":422},"previous":null}
2022-10-13 12:06:06.261;2022-10-13T08:05:22.165-04:00;422;MLB;41722494077;41722494077;cross_docking;2000003882351667;{"current":{"body":"{\"error\": \"Shipment 41722494077 can't be splitted at this point. Invalid status.\"}","requestId":"71bc0deb-f685-4396-81eb-111a7fb6cf75","status":422},"previous":null}
2022-10-13 12:06:06.568;2022-10-13T08:05:22.165-04:00;422;MLB;41722494077;41722494077;cross_docking;2000003882351667;{"current":{"body":"{\"error\": \"Shipment 41722494077 can't be splitted at this point. Invalid status.\"}","requestId":"b65c354b-c90d-42d4-b21a-9d6fee35f03d","status":422},"previous":null}
2022-10-13 12:45:46.451;2022-03-10T10:51:08.623-04:00;400;MLB;41233230948;41233230948;fulfillment;;{"current":{"body":"{\"error\": \"ShipmentId 41233230948 is not a bundle shipment. Only bundle shipments can be splitted.\"}","requestId":"1656424f-4a84-4d35-8183-70d457473129","status":400},"previous":null}
2022-10-13 13:06:12.323;2022-09-30T15:42:08.784-04:00;400;MLA;41692403805;41692403805;cross_docking;2000003852685319;{"current":{"body":"{\"error\": \"Malformed request\"}","requestId":"aa0e9dd6-1fd5-4593-add2-b41f5cafcb62","status":400},"previous":null}
2022-10-13 13:21:17.309;2022-09-29T08:10:15.956-04:00;400;MLA;41688986302;41688986302;drop_off;2000003849346813;{"current":{"body":"{\"error\": \"Malformed request\"}","requestId":"4f88a798-b85a-4647-9f35-ffadf95e6547","status":400},"previous":null}
2022-10-13 13:22:18.880;2022-09-29T08:10:15.956-04:00;400;MLA;41688986302;41688986302;drop_off;2000003849346813;{"current":{"body":"{\"error\": \"Malformed request\"}","requestId":"3312e187-b511-4d4d-9956-baf71001c6de","status":400},"previous":null}
2022-10-13 13:39:10.385;2022-10-11T22:21:48.285-04:00;400;MLA;41719606560;41719606560;cross_docking;2000003879450019;{"current":{"body":"{\"error\": \"Malformed request\"}","requestId":"d8fb4740-4ab0-4aba-aea0-0f205a6530d2","status":400},"previous":null}
2022-10-13 13:50:47.599;2022-03-10T10:51:08.623-04:00;400;MLB;41233230948;41233230948;fulfillment;;{"current":{"body":"{\"error\": \"ShipmentId 41233230948 is not a bundle shipment. Only bundle shipments can be splitted.\"}","requestId":"85f661b9-9835-4b87-8fbb-4fd0a6cade47","status":400},"previous":null}
2022-10-13 14:14:54.588;2022-10-13T10:14:27.253-04:00;423;MLB;41722815284;41722815284;cross_docking;2000003882645367;{"current":{"body":"{\"error\": \"Resource 41722815284 already locked\"}","requestId":"bd160eaf-a7c8-47ae-8b37-718e5c4df32a","status":423},"previous":null}
2022-10-13 14:15:33.056;2022-10-13T10:10:57.677-04:00;400;MLA;41722805968;41722805968;cross_docking;2000003882642571;{"current":{"body":"{\"error\": \"Malformed request\"}","requestId":"dfe213e8-024b-47ba-8b0e-43be74d335a6","status":400},"previous":null}
2022-10-13 14:21:48.870;2022-09-28T17:06:18.587-04:00;400;MLB;41687848140;41687848140;cross_docking;2000003848204897;{"current":{"body":"{\"error\": \"No more splits allowed.\"}","requestId":"e3e29932-3f38-4c54-9fc6-26f1041ba60d","status":400},"previous":null}
2022-10-13 14:21:49.404;2022-09-28T17:06:18.587-04:00;400;MLB;41687848140;41687848140;cross_docking;2000003848204897;{"current":{"body":"{\"error\": \"No more splits allowed.\"}","requestId":"f3838124-d839-4ae0-a80c-21aa1010f571","status":400},"previous":null}
2022-10-13 14:21:50.197;2022-09-28T17:06:18.587-04:00;400;MLB;41687848140;41687848140;cross_docking;2000003848204897;{"current":{"body":"{\"error\": \"No more splits allowed.\"}","requestId":"8068384a-56e3-4eca-bffc-c2d46f9bcf2d","status":400},"previous":null}
2022-10-13 14:21:50.690;2022-09-28T17:06:18.587-04:00;400;MLB;41687848140;41687848140;cross_docking;2000003848204897;{"current":{"body":"{\"error\": \"No more splits allowed.\"}","requestId":"06b274bc-c860-45be-8c23-f63019218398","status":400},"previous":null}
2022-10-13 14:21:51.461;2022-09-28T17:06:18.587-04:00;400;MLB;41687848140;41687848140;cross_docking;2000003848204897;{"current":{"body":"{\"error\": \"No more splits allowed.\"}","requestId":"9dc0a830-4902-4749-a8ba-da6429b084a5","status":400},"previous":null}
2022-10-13 14:21:52.994;2022-09-28T17:06:18.587-04:00;400;MLB;41687848140;41687848140;cross_docking;2000003848204897;{"current":{"body":"{\"error\": \"No more splits allowed.\"}","requestId":"28246a04-8fe5-4125-8c61-2a59c82891d5","status":400},"previous":null}
2022-10-13 14:21:53.560;2022-09-28T17:06:18.587-04:00;400;MLB;41687848140;41687848140;cross_docking;2000003848204897;{"current":{"body":"{\"error\": \"No more splits allowed.\"}","requestId":"368a5b8a-ef4f-4c3a-976e-55a3527d8314","status":400},"previous":null}
2022-10-13 14:21:53.986;2022-09-28T17:06:18.587-04:00;400;MLB;41687848140;41687848140;cross_docking;2000003848204897;{"current":{"body":"{\"error\": \"No more splits allowed.\"}","requestId":"ded1544a-6b1c-450a-a68b-9bac89419f2c","status":400},"previous":null}
2022-10-13 14:21:54.441;2022-09-28T17:06:18.587-04:00;400;MLB;41687848140;41687848140;cross_docking;2000003848204897;{"current":{"body":"{\"error\": \"No more splits allowed.\"}","requestId":"24c269ac-a3dd-44a9-bf06-8f2039bf5449","status":400},"previous":null}
2022-10-13 14:21:54.845;2022-09-28T17:06:18.587-04:00;400;MLB;41687848140;41687848140;cross_docking;2000003848204897;{"current":{"body":"{\"error\": \"No more splits allowed.\"}","requestId":"6c477067-20ad-4fba-bca2-735b0008c264","status":400},"previous":null}
2022-10-13 14:43:55.938;2022-10-13T10:43:06.777-04:00;400;MLB;41722900485;41722900485;cross_docking;2000003882729581;{"current":{"body":"{\"error\": \"No more splits allowed.\"}","requestId":"13320c27-d75b-4756-95cd-868309749375","status":400},"previous":null}
2022-10-13 14:43:57.565;2022-10-13T10:43:06.777-04:00;400;MLB;41722900485;41722900485;cross_docking;2000003882729581;{"current":{"body":"{\"error\": \"No more splits allowed.\"}","requestId":"87738d5e-2b56-44ed-bdb8-e9431c2c7ae3","status":400},"previous":null}
2022-10-13 14:51:13.132;2022-10-13T10:50:43.546-04:00;400;MLM;41722924531;41722924531;cross_docking;2000003882749903;{"current":{"body":"{\"error\": \"No more splits allowed.\"}","requestId":"0e650226-2a74-48f6-8e1d-074b9498272a","status":400},"previous":null}
2022-10-13 14:51:39.905;2022-10-13T10:50:43.546-04:00;400;MLM;41722924531;41722924531;cross_docking;2000003882749903;{"current":{"body":"{\"error\": \"Malformed request\"}","requestId":"5d3ea92c-b36f-4fd7-95ce-55ffa8d8c462","status":400},"previous":null}
2022-10-13 14:51:41.515;2022-10-13T10:50:43.546-04:00;400;MLM;41722924531;41722924531;cross_docking;2000003882749903;{"current":{"body":"{\"error\": \"Malformed request\"}","requestId":"6bedd0db-249d-4bb5-b5f3-ce3c1430f553","status":400},"previous":null}
2022-10-13 14:52:10.114;2022-10-13T10:50:43.546-04:00;400;MLM;41722924531;41722924531;cross_docking;2000003882749903;{"current":{"body":"{\"error\": \"Malformed request\"}","requestId":"d496fab1-b832-4089-a255-a3fa73cba9af","status":400},"previous":null}
2022-10-13 14:52:15.643;2022-10-13T10:50:43.546-04:00;400;MLM;41722924531;41722924531;cross_docking;2000003882749903;{"current":{"body":"{\"error\": \"No more splits allowed.\"}","requestId":"28e8524c-4b69-4309-813c-5b69eff1ecdc","status":400},"previous":null}
2022-10-13 14:52:20.851;2022-10-13T10:50:43.546-04:00;400;MLM;41722924531;41722924531;cross_docking;2000003882749903;{"current":{"body":"{\"error\": \"No more splits allowed.\"}","requestId":"1feb228b-3963-494e-9923-39effc7f869a","status":400},"previous":null}
2022-10-13 14:52:21.854;2022-10-13T10:50:43.546-04:00;400;MLM;41722924531;41722924531;cross_docking;2000003882749903;{"current":{"body":"{\"error\": \"No more splits allowed.\"}","requestId":"3d3cc30a-ac54-421c-a717-394b71224163","status":400},"previous":null}
2022-10-13 14:52:22.574;2022-10-13T10:50:43.546-04:00;400;MLM;41722924531;41722924531;cross_docking;2000003882749903;{"current":{"body":"{\"error\": \"No more splits allowed.\"}","requestId":"84a1f432-11d0-4abc-b860-2b6dfcb86055","status":400},"previous":null}
2022-10-13 14:53:11.261;2022-10-13T10:50:43.546-04:00;400;MLM;41722924531;41722924531;cross_docking;2000003882749903;{"current":{"body":"{\"error\": \"No more splits allowed.\"}","requestId":"a2e18f25-87a2-416f-8e71-85fb0085b410","status":400},"previous":null}
2022-10-13 14:53:11.695;2022-10-13T10:50:43.546-04:00;400;MLM;41722924531;41722924531;cross_docking;2000003882749903;{"current":{"body":"{\"error\": \"No more splits allowed.\"}","requestId":"99d8fec0-26cc-439d-992d-6e479bf1349b","status":400},"previous":null}
2022-10-13 14:53:11.848;2022-10-13T10:50:43.546-04:00;400;MLM;41722924531;41722924531;cross_docking;2000003882749903;{"current":{"body":"{\"error\": \"No more splits allowed.\"}","requestId":"a8a6bb0b-970c-4718-bd20-d1dc8a6adc14","status":400},"previous":null}
2022-10-13 14:53:12.140;2022-10-13T10:50:43.546-04:00;400;MLM;41722924531;41722924531;cross_docking;2000003882749903;{"current":{"body":"{\"error\": \"No more splits allowed.\"}","requestId":"4fcf65ac-219c-41c3-b12c-53907f57fa40","status":400},"previous":null}
2022-10-13 14:53:13.879;2022-10-13T10:50:43.546-04:00;400;MLM;41722924531;41722924531;cross_docking;2000003882749903;{"current":{"body":"{\"error\": \"No more splits allowed.\"}","requestId":"83a6af5d-93b3-458e-b19c-e5767d999afe","status":400},"previous":null}
2022-10-13 14:53:14.251;2022-10-13T10:50:43.546-04:00;400;MLM;41722924531;41722924531;cross_docking;2000003882749903;{"current":{"body":"{\"error\": \"No more splits allowed.\"}","requestId":"a642975f-95d3-4380-87dd-963bceeb3318","status":400},"previous":null}
2022-10-13 14:53:14.565;2022-10-13T10:50:43.546-04:00;400;MLM;41722924531;41722924531;cross_docking;2000003882749903;{"current":{"body":"{\"error\": \"No more splits allowed.\"}","requestId":"df96a62a-72a9-4400-acf7-1c9ae8571493","status":400},"previous":null}
2022-10-13 14:53:14.598;2022-10-13T10:50:43.546-04:00;400;MLM;41722924531;41722924531;cross_docking;2000003882749903;{"current":{"body":"{\"error\": \"No more splits allowed.\"}","requestId":"34ceaad6-d16d-4ec0-8227-663f8614b731","status":400},"previous":null}
2022-10-13 14:53:15.064;2022-10-13T10:50:43.546-04:00;400;MLM;41722924531;41722924531;cross_docking;2000003882749903;{"current":{"body":"{\"error\": \"No more splits allowed.\"}","requestId":"e3efc69f-0061-4ef9-bc39-f29eefedba31","status":400},"previous":null}
2022-10-13 14:53:17.731;2022-10-13T10:50:43.546-04:00;400;MLM;41722924531;41722924531;cross_docking;2000003882749903;{"current":{"body":"{\"error\": \"No more splits allowed.\"}","requestId":"1d46d28b-c165-4edf-9c3f-2d0fd45ce9ab","status":400},"previous":null}
2022-10-13 14:53:53.580;2022-10-13T10:50:43.546-04:00;400;MLM;41722924531;41722924531;cross_docking;2000003882749903;{"current":{"body":"{\"error\": \"No more splits allowed.\"}","requestId":"3279daee-43f4-4f8f-a133-6541227fdefe","status":400},"previous":null}
2022-10-13 14:54:16.611;2022-10-13T10:50:43.546-04:00;400;MLM;41722924531;41722924531;cross_docking;2000003882749903;{"current":{"body":"{\"error\": \"No more splits allowed.\"}","requestId":"67f364d2-a47e-4231-b073-4ef5ed868473","status":400},"previous":null}
2022-10-13 14:54:21.790;2022-10-13T10:50:43.546-04:00;400;MLM;41722924531;41722924531;cross_docking;2000003882749903;{"current":{"body":"{\"error\": \"No more splits allowed.\"}","requestId":"784617b0-5861-4b92-9ecc-b2633961a6c4","status":400},"previous":null}
2022-10-13 14:54:22.983;2022-10-13T10:50:43.546-04:00;400;MLM;41722924531;41722924531;cross_docking;2000003882749903;{"current":{"body":"{\"error\": \"No more splits allowed.\"}","requestId":"86563cf8-383d-40d6-9c0d-50f6da967497","status":400},"previous":null}
2022-10-13 14:54:23.467;2022-10-13T10:50:43.546-04:00;400;MLM;41722924531;41722924531;cross_docking;2000003882749903;{"current":{"body":"{\"error\": \"No more splits allowed.\"}","requestId":"721b9dc7-6bfc-44aa-993b-e79f53ff871a","status":400},"previous":null}
2022-10-13 14:55:12.156;2022-10-13T10:50:43.546-04:00;400;MLM;41722924531;41722924531;cross_docking;2000003882749903;{"current":{"body":"{\"error\": \"No more splits allowed.\"}","requestId":"b5439b61-fe32-4eae-accc-8435831962d0","status":400},"previous":null}
2022-10-13 14:55:12.611;2022-10-13T10:50:43.546-04:00;400;MLM;41722924531;41722924531;cross_docking;2000003882749903;{"current":{"body":"{\"error\": \"No more splits allowed.\"}","requestId":"d36ce76e-0513-4480-b061-d92c20746b7b","status":400},"previous":null}
2022-10-13 14:55:12.891;2022-10-13T10:50:43.546-04:00;400;MLM;41722924531;41722924531;cross_docking;2000003882749903;{"current":{"body":"{\"error\": \"No more splits allowed.\"}","requestId":"1cd1d43b-909c-4662-aed0-07b0c8c28691","status":400},"previous":null}
2022-10-13 14:55:13.154;2022-10-13T10:50:43.546-04:00;400;MLM;41722924531;41722924531;cross_docking;2000003882749903;{"current":{"body":"{\"error\": \"No more splits allowed.\"}","requestId":"de6171ac-109f-4db8-a523-2adec57e7ae0","status":400},"previous":null}
2022-10-13 14:55:14.915;2022-10-13T10:50:43.546-04:00;400;MLM;41722924531;41722924531;cross_docking;2000003882749903;{"current":{"body":"{\"error\": \"No more splits allowed.\"}","requestId":"70140ac7-4677-4679-9d5f-fa38cf4fd82c","status":400},"previous":null}
2022-10-13 14:55:15.282;2022-10-13T10:50:43.546-04:00;400;MLM;41722924531;41722924531;cross_docking;2000003882749903;{"current":{"body":"{\"error\": \"No more splits allowed.\"}","requestId":"3c24240f-8ee1-4094-ad96-5a45551a7aa8","status":400},"previous":null}
2022-10-13 14:55:15.670;2022-10-13T10:50:43.546-04:00;400;MLM;41722924531;41722924531;cross_docking;2000003882749903;{"current":{"body":"{\"error\": \"No more splits allowed.\"}","requestId":"9fd40af9-abb1-4085-81a4-3dd5117ac786","status":400},"previous":null}
2022-10-13 14:55:15.901;2022-10-13T10:50:43.546-04:00;400;MLM;41722924531;41722924531;cross_docking;2000003882749903;{"current":{"body":"{\"error\": \"No more splits allowed.\"}","requestId":"eccd87c8-a745-4714-bd37-68cee290fcfd","status":400},"previous":null}
2022-10-13 14:55:16.082;2022-10-13T10:50:43.546-04:00;400;MLM;41722924531;41722924531;cross_docking;2000003882749903;{"current":{"body":"{\"error\": \"No more splits allowed.\"}","requestId":"e23fef99-db28-43ee-9c42-47383a897b84","status":400},"previous":null}
2022-10-13 14:55:18.910;2022-10-13T10:50:43.546-04:00;400;MLM;41722924531;41722924531;cross_docking;2000003882749903;{"current":{"body":"{\"error\": \"No more splits allowed.\"}","requestId":"3442cce2-ebae-4062-aa0f-90274a1724bc","status":400},"previous":null}
2022-10-13 14:55:55.053;2022-10-13T10:50:43.546-04:00;400;MLM;41722924531;41722924531;cross_docking;2000003882749903;{"current":{"body":"{\"error\": \"No more splits allowed.\"}","requestId":"e746d0c2-1e6b-46ff-8295-bc325525e3d8","status":400},"previous":null}
2022-10-13 14:55:56.530;2022-03-10T10:51:08.623-04:00;400;MLB;41233230948;41233230948;fulfillment;;{"current":{"body":"{\"error\": \"ShipmentId 41233230948 is not a bundle shipment. Only bundle shipments can be splitted.\"}","requestId":"26091467-5e26-4992-bb4a-1b6eb9b53d11","status":400},"previous":null}
2022-10-13 14:56:22.763;2022-10-13T10:50:43.546-04:00;400;MLM;41722924531;41722924531;cross_docking;2000003882749903;{"current":{"body":"{\"error\": \"No more splits allowed.\"}","requestId":"12a9fe98-ee91-4920-ba14-1863bea8e45e","status":400},"previous":null}
2022-10-13 14:56:23.780;2022-10-13T10:50:43.546-04:00;400;MLM;41722924531;41722924531;cross_docking;2000003882749903;{"current":{"body":"{\"error\": \"No more splits allowed.\"}","requestId":"f16e0226-15b7-4b8e-8ffe-9c8f087cfbd9","status":400},"previous":null}
2022-10-13 14:56:24.034;2022-10-13T10:50:43.546-04:00;400;MLM;41722924531;41722924531;cross_docking;2000003882749903;{"current":{"body":"{\"error\": \"No more splits allowed.\"}","requestId":"0a7bd094-6f5b-4c75-989b-c6814ba96ecb","status":400},"previous":null}
2022-10-13 14:56:24.337;2022-10-13T10:50:43.546-04:00;400;MLM;41722924531;41722924531;cross_docking;2000003882749903;{"current":{"body":"{\"error\": \"No more splits allowed.\"}","requestId":"bbe100aa-cf6d-4669-9cb9-cb25cfdb21ff","status":400},"previous":null}
2022-10-13 14:56:53.283;2022-10-13T10:50:43.546-04:00;400;MLM;41722924531;41722924531;cross_docking;2000003882749903;{"current":{"body":"{\"error\": \"Malformed request\"}","requestId":"42c4c7e2-fb93-4a63-92ed-926d3fd9eb24","status":400},"previous":null}
2022-10-13 14:57:07.585;2022-10-13T10:50:43.546-04:00;400;MLM;41722924531;41722924531;cross_docking;2000003882749903;{"current":{"body":"{\"error\": \"No more splits allowed.\"}","requestId":"4a9f1db6-f192-4788-85c7-31c332ea18e6","status":400},"previous":null}
2022-10-13 14:57:13.831;2022-10-13T10:50:43.546-04:00;400;MLM;41722924531;41722924531;cross_docking;2000003882749903;{"current":{"body":"{\"error\": \"No more splits allowed.\"}","requestId":"c5367ae1-bf34-4e0c-9e4f-8e2fa41f0462","status":400},"previous":null}
2022-10-13 14:57:13.898;2022-10-13T10:50:43.546-04:00;400;MLM;41722924531;41722924531;cross_docking;2000003882749903;{"current":{"body":"{\"error\": \"No more splits allowed.\"}","requestId":"9a72e966-5be6-4281-a201-c47727213d5e","status":400},"previous":null}
2022-10-13 14:57:14.107;2022-10-13T10:50:43.546-04:00;400;MLM;41722924531;41722924531;cross_docking;2000003882749903;{"current":{"body":"{\"error\": \"No more splits allowed.\"}","requestId":"e06b6c26-4da7-4b0b-b59c-5c278c478849","status":400},"previous":null}
2022-10-13 14:57:16.105;2022-10-13T10:50:43.546-04:00;400;MLM;41722924531;41722924531;cross_docking;2000003882749903;{"current":{"body":"{\"error\": \"No more splits allowed.\"}","requestId":"88f3a512-ff1c-4785-972b-3f46913eca9d","status":400},"previous":null}
2022-10-13 14:57:16.877;2022-10-13T10:50:43.546-04:00;400;MLM;41722924531;41722924531;cross_docking;2000003882749903;{"current":{"body":"{\"error\": \"No more splits allowed.\"}","requestId":"77b49cce-3fed-4ce8-8b4f-82f97537de36","status":400},"previous":null}
2022-10-13 14:57:17.461;2022-10-13T10:50:43.546-04:00;400;MLM;41722924531;41722924531;cross_docking;2000003882749903;{"current":{"body":"{\"error\": \"No more splits allowed.\"}","requestId":"a9e30fc2-01de-4ff4-8699-63e9c8869c53","status":400},"previous":null}
2022-10-13 14:57:18.166;2022-10-13T10:50:43.546-04:00;400;MLM;41722924531;41722924531;cross_docking;2000003882749903;{"current":{"body":"{\"error\": \"No more splits allowed.\"}","requestId":"ea602ede-0ddf-4480-86b6-ef740dd94303","status":400},"previous":null}
2022-10-13 14:57:18.183;2022-10-13T10:50:43.546-04:00;400;MLM;41722924531;41722924531;cross_docking;2000003882749903;{"current":{"body":"{\"error\": \"No more splits allowed.\"}","requestId":"c37aee6c-158e-4c69-92fa-fe50501b2b1e","status":400},"previous":null}
2022-10-13 14:57:19.957;2022-10-13T10:50:43.546-04:00;400;MLM;41722924531;41722924531;cross_docking;2000003882749903;{"current":{"body":"{\"error\": \"No more splits allowed.\"}","requestId":"1054b793-1674-482c-ac46-b2a07df992b5","status":400},"previous":null}
2022-10-13 14:57:20.113;2022-10-13T10:50:43.546-04:00;400;MLM;41722924531;41722924531;cross_docking;2000003882749903;{"current":{"body":"{\"error\": \"Malformed request\"}","requestId":"fd42d145-c16e-4c40-86e7-6e962964957f","status":400},"previous":null}
2022-10-13 14:57:30.886;2022-10-13T10:50:43.546-04:00;400;MLM;41722924531;41722924531;cross_docking;2000003882749903;{"current":{"body":"{\"error\": \"No more splits allowed.\"}","requestId":"10f5c851-39d5-40dd-9e42-45b03721de22","status":400},"previous":null}
2022-10-13 14:57:31.979;2022-10-13T10:50:43.546-04:00;400;MLM;41722924531;41722924531;cross_docking;2000003882749903;{"current":{"body":"{\"error\": \"No more splits allowed.\"}","requestId":"8bd0cadb-3261-4a66-a4ca-3d6a9c2e0dba","status":400},"previous":null}
2022-10-13 14:57:56.058;2022-10-13T10:50:43.546-04:00;400;MLM;41722924531;41722924531;cross_docking;2000003882749903;{"current":{"body":"{\"error\": \"No more splits allowed.\"}","requestId":"adb50309-94c5-41a5-a803-0b76f756d1a3","status":400},"previous":null}
2022-10-13 14:57:57.597;2022-10-13T10:50:43.546-04:00;400;MLM;41722924531;41722924531;cross_docking;2000003882749903;{"current":{"body":"{\"error\": \"No more splits allowed.\"}","requestId":"48a84c27-02ca-455f-a110-38706d3302ae","status":400},"previous":null}
2022-10-13 14:58:25.804;2022-10-13T10:50:43.546-04:00;400;MLM;41722924531;41722924531;cross_docking;2000003882749903;{"current":{"body":"{\"error\": \"No more splits allowed.\"}","requestId":"e0cba30d-8271-44a6-abca-4543d41c282c","status":400},"previous":null}
2022-10-13 14:58:32.619;2022-10-13T10:50:43.546-04:00;400;MLM;41722924531;41722924531;cross_docking;2000003882749903;{"current":{"body":"{\"error\": \"Malformed request\"}","requestId":"f4093510-aa2b-4fbf-9c99-11529566ed8f","status":400},"previous":null}
2022-10-13 14:58:43.361;2022-10-13T10:50:43.546-04:00;400;MLM;41722924531;41722924531;cross_docking;2000003882749903;{"current":{"body":"{\"error\": \"No more splits allowed.\"}","requestId":"7c0c2477-6b8f-49d9-8125-8fda58ef02c7","status":400},"previous":null}
2022-10-13 14:58:44.336;2022-10-13T10:50:43.546-04:00;400;MLM;41722924531;41722924531;cross_docking;2000003882749903;{"current":{"body":"{\"error\": \"No more splits allowed.\"}","requestId":"ecfde3b5-cd70-41ab-80d3-7d6388168740","status":400},"previous":null}
2022-10-13 14:59:08.613;2022-10-13T10:50:43.546-04:00;400;MLM;41722924531;41722924531;cross_docking;2000003882749903;{"current":{"body":"{\"error\": \"No more splits allowed.\"}","requestId":"058e3e30-f919-41db-837a-f771c97b1f9b","status":400},"previous":null}
2022-10-13 14:59:10.006;2022-10-13T10:50:43.546-04:00;400;MLM;41722924531;41722924531;cross_docking;2000003882749903;{"current":{"body":"{\"error\": \"No more splits allowed.\"}","requestId":"f4913307-194e-4c6d-9e31-5b6edb52ec3e","status":400},"previous":null}
2022-10-13 14:59:14.868;2022-10-13T10:50:43.546-04:00;400;MLM;41722924531;41722924531;cross_docking;2000003882749903;{"current":{"body":"{\"error\": \"No more splits allowed.\"}","requestId":"a551b836-fd9c-4537-90df-54101ed59fdd","status":400},"previous":null}
2022-10-13 14:59:15.126;2022-10-13T10:50:43.546-04:00;400;MLM;41722924531;41722924531;cross_docking;2000003882749903;{"current":{"body":"{\"error\": \"No more splits allowed.\"}","requestId":"01d794d2-6e50-4b1a-968a-7fea2a7cbf14","status":400},"previous":null}
2022-10-13 14:59:15.464;2022-10-13T10:50:43.546-04:00;400;MLM;41722924531;41722924531;cross_docking;2000003882749903;{"current":{"body":"{\"error\": \"No more splits allowed.\"}","requestId":"5552de5a-7d04-4a1f-8d43-716c4e789452","status":400},"previous":null}
2022-10-13 14:59:16.290;2022-10-13T10:50:43.546-04:00;400;MLM;41722924531;41722924531;cross_docking;2000003882749903;{"current":{"body":"{\"error\": \"No more splits allowed.\"}","requestId":"155efbe1-9fd2-413c-b47f-4d626fa306fd","status":400},"previous":null}
2022-10-13 14:59:16.390;2022-10-13T10:50:43.546-04:00;400;MLM;41722924531;41722924531;cross_docking;2000003882749903;{"current":{"body":"{\"error\": \"No more splits allowed.\"}","requestId":"91a9a895-0d18-4503-9e27-7c7e0bb0ec4b","status":400},"previous":null}
2022-10-13 14:59:17.137;2022-10-13T10:50:43.546-04:00;400;MLM;41722924531;41722924531;cross_docking;2000003882749903;{"current":{"body":"{\"error\": \"No more splits allowed.\"}","requestId":"7df25474-47eb-472a-9e06-3e2c117162f9","status":400},"previous":null}
2022-10-13 14:59:17.368;2022-10-13T10:50:43.546-04:00;400;MLM;41722924531;41722924531;cross_docking;2000003882749903;{"current":{"body":"{\"error\": \"No more splits allowed.\"}","requestId":"227f69b0-bc01-4cb5-b568-6260f3c4153d","status":400},"previous":null}
2022-10-13 14:59:18.282;2022-10-13T10:50:43.546-04:00;400;MLM;41722924531;41722924531;cross_docking;2000003882749903;{"current":{"body":"{\"error\": \"No more splits allowed.\"}","requestId":"643c5b86-a47b-4239-aeec-b24c57fdd1aa","status":400},"previous":null}
2022-10-13 14:59:19.151;2022-10-13T10:50:43.546-04:00;400;MLM;41722924531;41722924531;cross_docking;2000003882749903;{"current":{"body":"{\"error\": \"No more splits allowed.\"}","requestId":"02e931d8-e066-4558-8429-bbd2b7c3fe4c","status":400},"previous":null}
2022-10-13 14:59:19.267;2022-10-13T10:50:43.546-04:00;400;MLM;41722924531;41722924531;cross_docking;2000003882749903;{"current":{"body":"{\"error\": \"No more splits allowed.\"}","requestId":"752c0aca-7bb4-4cca-9029-8a4030886b63","status":400},"previous":null}
2022-10-13 14:59:19.306;2022-10-13T10:50:43.546-04:00;400;MLM;41722924531;41722924531;cross_docking;2000003882749903;{"current":{"body":"{\"error\": \"No more splits allowed.\"}","requestId":"3089b7f7-2c1e-4a01-a38f-f57bc1ecbd51","status":400},"previous":null}
2022-10-13 14:59:20.705;2022-10-13T10:50:43.546-04:00;400;MLM;41722924531;41722924531;cross_docking;2000003882749903;{"current":{"body":"{\"error\": \"No more splits allowed.\"}","requestId":"3fbfb893-bf8c-49af-b6b4-14b2a7be6d52","status":400},"previous":null}
2022-10-13 14:59:20.795;2022-10-13T10:50:43.546-04:00;400;MLM;41722924531;41722924531;cross_docking;2000003882749903;{"current":{"body":"{\"error\": \"No more splits allowed.\"}","requestId":"e427a3f4-370e-4a06-97d6-4b9e6ea93ad2","status":400},"previous":null}
2022-10-13 14:59:20.944;2022-10-13T10:50:43.546-04:00;400;MLM;41722924531;41722924531;cross_docking;2000003882749903;{"current":{"body":"{\"error\": \"No more splits allowed.\"}","requestId":"e1e23889-25a7-48cb-86f8-8e9b2df7e6b6","status":400},"previous":null}
2022-10-13 14:59:20.979;2022-10-13T10:50:43.546-04:00;400;MLM;41722924531;41722924531;cross_docking;2000003882749903;{"current":{"body":"{\"error\": \"No more splits allowed.\"}","requestId":"7b800e3e-6395-4adf-b571-5b71d167ceef","status":400},"previous":null}
2022-10-13 14:59:21.413;2022-10-13T10:50:43.546-04:00;400;MLM;41722924531;41722924531;cross_docking;2000003882749903;{"current":{"body":"{\"error\": \"No more splits allowed.\"}","requestId":"726e9c49-68dc-45c1-ae3f-95224ecb110b","status":400},"previous":null}
2022-10-13 14:59:21.859;2022-10-13T10:50:43.546-04:00;400;MLM;41722924531;41722924531;cross_docking;2000003882749903;{"current":{"body":"{\"error\": \"No more splits allowed.\"}","requestId":"03fa6b99-86bd-4ff8-a1df-c871e7157a63","status":400},"previous":null}
2022-10-13 14:59:22.314;2022-10-13T10:50:43.546-04:00;400;MLM;41722924531;41722924531;cross_docking;2000003882749903;{"current":{"body":"{\"error\": \"No more splits allowed.\"}","requestId":"8cc257b2-78a2-4a69-a6f8-1cd0a6b05c8b","status":400},"previous":null}
2022-10-13 15:00:30.987;2022-10-13T10:50:43.546-04:00;400;MLM;41722924531;41722924531;cross_docking;2000003882749903;{"current":{"body":"{\"error\": \"No more splits allowed.\"}","requestId":"d21f7482-391e-4c33-bb41-778ca598f9ee","status":400},"previous":null}
2022-10-13 15:00:32.991;2022-10-13T10:50:43.546-04:00;400;MLM;41722924531;41722924531;cross_docking;2000003882749903;{"current":{"body":"{\"error\": \"No more splits allowed.\"}","requestId":"c92b88c2-7982-4a9f-86b6-3a4d7045aac5","status":400},"previous":null}
2022-10-13 15:04:35.848;2022-10-13T10:50:43.546-04:00;400;MLM;41722924531;41722924531;cross_docking;2000003882749903;{"current":{"body":"{\"error\": \"No more splits allowed.\"}","requestId":"03f55ed6-ad17-4808-8e69-7272ae4447c2","status":400},"previous":null}
2022-10-13 15:04:37.123;2022-10-13T10:50:43.546-04:00;400;MLM;41722924531;41722924531;cross_docking;2000003882749903;{"current":{"body":"{\"error\": \"No more splits allowed.\"}","requestId":"fedc8658-cfe4-4fbb-9c74-ccf44e33aa3b","status":400},"previous":null}
2022-10-13 15:04:38.924;2022-10-13T10:50:43.546-04:00;400;MLM;41722924531;41722924531;cross_docking;2000003882749903;{"current":{"body":"{\"error\": \"No more splits allowed.\"}","requestId":"b6284f2e-fc8b-4216-a766-f93f2ca27205","status":400},"previous":null}
2022-10-13 15:04:39.823;2022-10-13T10:50:43.546-04:00;400;MLM;41722924531;41722924531;cross_docking;2000003882749903;{"current":{"body":"{\"error\": \"No more splits allowed.\"}","requestId":"c9d1f40a-21d6-4ad8-b1fe-f5ae3cfd1cbc","status":400},"previous":null}
2022-10-13 15:06:24.079;2022-10-13T10:50:43.546-04:00;400;MLM;41722924531;41722924531;cross_docking;2000003882749903;{"current":{"body":"{\"error\": \"No more splits allowed.\"}","requestId":"53e38778-41f5-4c8b-86cc-21aca37da340","status":400},"previous":null}
2022-10-13 15:07:32.040;2022-10-13T10:50:43.546-04:00;400;MLM;41722924531;41722924531;cross_docking;2000003882749903;{"current":{"body":"{\"error\": \"No more splits allowed.\"}","requestId":"5ab46335-a0f6-4d5d-b4b1-dda86dfe8651","status":400},"previous":null}
2022-10-13 15:07:57.749;2022-10-13T10:50:43.546-04:00;400;MLM;41722924531;41722924531;cross_docking;2000003882749903;{"current":{"body":"{\"error\": \"No more splits allowed.\"}","requestId":"e82c205c-3c2b-4c61-aa5f-d3bfe264278b","status":400},"previous":null}
2022-10-13 15:08:44.424;2022-10-13T10:50:43.546-04:00;400;MLM;41722924531;41722924531;cross_docking;2000003882749903;{"current":{"body":"{\"error\": \"No more splits allowed.\"}","requestId":"464ddafb-1b10-4003-8b2c-986e86fdce3b","status":400},"previous":null}
2022-10-13 15:09:09.737;2022-10-13T10:50:43.546-04:00;400;MLM;41722924531;41722924531;cross_docking;2000003882749903;{"current":{"body":"{\"error\": \"No more splits allowed.\"}","requestId":"f3f9db69-c695-4adf-9e7c-63529b34b001","status":400},"previous":null}
2022-10-13 15:09:16.503;2022-10-13T10:50:43.546-04:00;400;MLM;41722924531;41722924531;cross_docking;2000003882749903;{"current":{"body":"{\"error\": \"No more splits allowed.\"}","requestId":"5ffa0f56-0040-4bd3-8686-7cd8993ff4d7","status":400},"previous":null}
2022-10-13 15:09:16.736;2022-10-13T10:50:43.546-04:00;400;MLM;41722924531;41722924531;cross_docking;2000003882749903;{"current":{"body":"{\"error\": \"No more splits allowed.\"}","requestId":"56abe47e-a85b-4fe4-af87-4db305022bdb","status":400},"previous":null}
2022-10-13 15:09:17.014;2022-10-13T10:50:43.546-04:00;400;MLM;41722924531;41722924531;cross_docking;2000003882749903;{"current":{"body":"{\"error\": \"No more splits allowed.\"}","requestId":"c5bb0279-3b88-455a-9093-99c5b95983df","status":400},"previous":null}
2022-10-13 15:09:18.217;2022-10-13T10:50:43.546-04:00;400;MLM;41722924531;41722924531;cross_docking;2000003882749903;{"current":{"body":"{\"error\": \"No more splits allowed.\"}","requestId":"7075b8ed-7b1f-4127-a243-66152295ae46","status":400},"previous":null}
2022-10-13 15:09:20.260;2022-10-13T10:50:43.546-04:00;400;MLM;41722924531;41722924531;cross_docking;2000003882749903;{"current":{"body":"{\"error\": \"No more splits allowed.\"}","requestId":"df715f49-c245-433f-b6fd-d13952266d3b","status":400},"previous":null}
2022-10-13 15:09:20.318;2022-10-13T10:50:43.546-04:00;400;MLM;41722924531;41722924531;cross_docking;2000003882749903;{"current":{"body":"{\"error\": \"No more splits allowed.\"}","requestId":"801eb0a1-350f-4226-b7c8-3161b8cd50fa","status":400},"previous":null}
2022-10-13 15:09:20.399;2022-10-13T10:50:43.546-04:00;400;MLM;41722924531;41722924531;cross_docking;2000003882749903;{"current":{"body":"{\"error\": \"No more splits allowed.\"}","requestId":"112b373b-18d3-45bd-b52d-001b759630f7","status":400},"previous":null}
2022-10-13 15:09:21.970;2022-10-13T10:50:43.546-04:00;400;MLM;41722924531;41722924531;cross_docking;2000003882749903;{"current":{"body":"{\"error\": \"No more splits allowed.\"}","requestId":"40669a2b-14a3-430a-b2c9-b7c27a563c0f","status":400},"previous":null}
2022-10-13 15:09:23.085;2022-10-13T10:50:43.546-04:00;400;MLM;41722924531;41722924531;cross_docking;2000003882749903;{"current":{"body":"{\"error\": \"No more splits allowed.\"}","requestId":"ee12fd2e-6829-409a-81d1-46183fb5218c","status":400},"previous":null}
2022-10-13 15:10:35.666;2022-10-13T10:50:43.546-04:00;400;MLM;41722924531;41722924531;cross_docking;2000003882749903;{"current":{"body":"{\"error\": \"No more splits allowed.\"}","requestId":"c9c3cb85-b0e3-4798-8934-bfce3315f14f","status":400},"previous":null}
2022-10-13 15:16:23.820;2022-10-13T10:50:43.546-04:00;400;MLM;41722924531;41722924531;cross_docking;2000003882749903;{"current":{"body":"{\"error\": \"No more splits allowed.\"}","requestId":"1854c01d-727e-4ab5-a10d-9ba67e0d901d","status":400},"previous":null}
2022-10-13 15:17:32.007;2022-10-13T10:50:43.546-04:00;400;MLM;41722924531;41722924531;cross_docking;2000003882749903;{"current":{"body":"{\"error\": \"No more splits allowed.\"}","requestId":"ac37f5b3-6eb4-412c-a7bc-ec6c5d9ba30a","status":400},"previous":null}
2022-10-13 15:17:58.038;2022-10-13T10:50:43.546-04:00;400;MLM;41722924531;41722924531;cross_docking;2000003882749903;{"current":{"body":"{\"error\": \"No more splits allowed.\"}","requestId":"1b9a6add-2d48-4395-8e07-302d035cd19f","status":400},"previous":null}
2022-10-13 15:18:44.487;2022-10-13T10:50:43.546-04:00;400;MLM;41722924531;41722924531;cross_docking;2000003882749903;{"current":{"body":"{\"error\": \"No more splits allowed.\"}","requestId":"ee922d9d-9aee-4527-bad5-1904218e5555","status":400},"previous":null}
2022-10-13 15:19:09.909;2022-10-13T10:50:43.546-04:00;400;MLM;41722924531;41722924531;cross_docking;2000003882749903;{"current":{"body":"{\"error\": \"No more splits allowed.\"}","requestId":"f7956eb5-2abc-45f8-af55-586edb6d122c","status":400},"previous":null}
2022-10-13 15:19:16.400;2022-10-13T10:50:43.546-04:00;400;MLM;41722924531;41722924531;cross_docking;2000003882749903;{"current":{"body":"{\"error\": \"No more splits allowed.\"}","requestId":"31512564-e405-4764-b2bd-187f49826c12","status":400},"previous":null}
2022-10-13 15:19:16.433;2022-10-13T10:50:43.546-04:00;400;MLM;41722924531;41722924531;cross_docking;2000003882749903;{"current":{"body":"{\"error\": \"No more splits allowed.\"}","requestId":"35844b2b-1575-48eb-947f-9e555c052c82","status":400},"previous":null}
2022-10-13 15:19:18.248;2022-10-13T10:50:43.546-04:00;400;MLM;41722924531;41722924531;cross_docking;2000003882749903;{"current":{"body":"{\"error\": \"No more splits allowed.\"}","requestId":"27901eb9-641b-4b67-b7c0-23a7b88f7978","status":400},"previous":null}
2022-10-13 15:19:18.430;2022-10-13T10:50:43.546-04:00;400;MLM;41722924531;41722924531;cross_docking;2000003882749903;{"current":{"body":"{\"error\": \"No more splits allowed.\"}","requestId":"00063f3d-51fe-492c-992c-999993fb1cd2","status":400},"previous":null}
2022-10-13 15:19:20.366;2022-10-13T10:50:43.546-04:00;400;MLM;41722924531;41722924531;cross_docking;2000003882749903;{"current":{"body":"{\"error\": \"No more splits allowed.\"}","requestId":"1edc62e6-e9ee-4cbf-bc4d-99d800eba3d1","status":400},"previous":null}
2022-10-13 15:19:20.366;2022-10-13T10:50:43.546-04:00;400;MLM;41722924531;41722924531;cross_docking;2000003882749903;{"current":{"body":"{\"error\": \"No more splits allowed.\"}","requestId":"2e26ecf7-15ce-48dd-ba4b-2dc9f0e1f51e","status":400},"previous":null}
2022-10-13 15:19:20.426;2022-10-13T10:50:43.546-04:00;400;MLM;41722924531;41722924531;cross_docking;2000003882749903;{"current":{"body":"{\"error\": \"No more splits allowed.\"}","requestId":"6ae55cfc-446f-4c2c-a02c-70f73fb7d144","status":400},"previous":null}
2022-10-13 15:19:21.902;2022-10-13T10:50:43.546-04:00;400;MLM;41722924531;41722924531;cross_docking;2000003882749903;{"current":{"body":"{\"error\": \"No more splits allowed.\"}","requestId":"8074da05-4926-426e-80db-af8daad8ae16","status":400},"previous":null}
2022-10-13 15:19:22.405;2022-10-13T10:50:43.546-04:00;400;MLM;41722924531;41722924531;cross_docking;2000003882749903;{"current":{"body":"{\"error\": \"No more splits allowed.\"}","requestId":"30b113a5-1d39-462b-aa48-035600276c71","status":400},"previous":null}
2022-10-13 15:20:32.510;2022-10-13T10:50:43.546-04:00;400;MLM;41722924531;41722924531;cross_docking;2000003882749903;{"current":{"body":"{\"error\": \"No more splits allowed.\"}","requestId":"771f348f-3064-428f-bcfa-f06e8db9709d","status":400},"previous":null}
2022-10-13 15:32:15.329;2022-10-13T10:50:43.546-04:00;400;MLM;41722924531;41722924531;cross_docking;2000003882749903;{"current":{"body":"{\"error\": \"No more splits allowed.\"}","requestId":"917fe9f7-b6db-490b-9aae-ac68e92af883","status":400},"previous":null}
2022-10-13 15:32:16.587;2022-10-13T10:50:43.546-04:00;400;MLM;41722924531;41722924531;cross_docking;2000003882749903;{"current":{"body":"{\"error\": \"No more splits allowed.\"}","requestId":"75412183-a1e6-447a-ba6f-9b7f724369b9","status":400},"previous":null}
2022-10-13 15:32:18.272;2022-10-13T10:50:43.546-04:00;400;MLM;41722924531;41722924531;cross_docking;2000003882749903;{"current":{"body":"{\"error\": \"No more splits allowed.\"}","requestId":"f2b7a4d6-0899-4f33-b761-3601d2e208bd","status":400},"previous":null}
2022-10-13 15:32:19.382;2022-10-13T10:50:43.546-04:00;400;MLM;41722924531;41722924531;cross_docking;2000003882749903;{"current":{"body":"{\"error\": \"No more splits allowed.\"}","requestId":"f3b1f151-0971-4789-a470-61c79ba2657a","status":400},"previous":null}
2022-10-13 15:42:30.430;2022-10-13T11:37:21.988-04:00;423;MLM;41723061477;41723061477;cross_docking;2000003882880987;{"current":{"body":"{\"error\": \"Resource 41723061477 already locked\"}","requestId":"225f4c26-a366-4b0f-84e2-56161eaf840e","status":423},"previous":null}
2022-10-13 15:43:20.854;2022-10-13T11:37:21.988-04:00;400;MLM;41723061477;41723061477;cross_docking;2000003882880987;{"current":{"body":"{\"error\": \"Malformed request\"}","requestId":"f4cc17fc-b694-4426-98e5-16fdadec9c7a","status":400},"previous":null}
2022-10-13 15:44:51.654;2022-10-13T11:37:21.988-04:00;400;MLM;41723061477;41723061477;cross_docking;2000003882880987;{"current":{"body":"{\"error\": \"Malformed request\"}","requestId":"ab9266c3-792a-42fe-a1b1-6761c82d607a","status":400},"previous":null}
